id,country_id,state_id,canton_id,name,code
10101,Ecuador,AZUAY,CUENCA,BELLAVISTA,10101
10102,Ecuador,AZUAY,CUENCA,CAÑARIBAMBA,10102
10103,Ecuador,AZUAY,CUENCA,EL BATÁN,10103
10104,Ecuador,AZUAY,CUENCA,EL SAGRARIO,10104
10105,Ecuador,AZUAY,CUENCA,EL VECINO,10105
10106,Ecuador,AZUAY,CUENCA,GIL RAMÍREZ DÁVALOS,10106
10107,Ecuador,AZUAY,CUENCA,HUAYNACÁPAC,10107
10108,Ecuador,AZUAY,CUENCA,MACHÁNGARA,10108
10109,Ecuador,AZUAY,CUENCA,MONAY,10109
10110,Ecuador,AZUAY,CUENCA,SAN BLAS,10110
10111,Ecuador,AZUAY,CUENCA,SAN SEBASTIÁN,10111
10112,Ecuador,AZUAY,CUENCA,SUCRE,10112
10113,Ecuador,AZUAY,CUENCA,TOTORACOCHA,10113
10114,Ecuador,AZUAY,CUENCA,YANUNCAY,10114
10115,Ecuador,AZUAY,CUENCA,HERMANO MIGUEL,10115
10150,Ecuador,AZUAY,CUENCA,CUENCA,10150
10151,Ecuador,AZUAY,CUENCA,BAÑOS,10151
10152,Ecuador,AZUAY,CUENCA,CUMBE,10152
10153,Ecuador,AZUAY,CUENCA,CHAUCHA,10153
10154,Ecuador,AZUAY,CUENCA,CHECA (JIDCAY),10154
10155,Ecuador,AZUAY,CUENCA,CHIQUINTAD,10155
10156,Ecuador,AZUAY,CUENCA,LLACAO,10156
10157,Ecuador,AZUAY,CUENCA,MOLLETURO,10157
10158,Ecuador,AZUAY,CUENCA,NULTI,10158
10159,Ecuador,AZUAY,CUENCA,OCTAVIO CORDERO PALACIOS (SANTA ROSA),10159
10160,Ecuador,AZUAY,CUENCA,PACCHA,10160
10161,Ecuador,AZUAY,CUENCA,QUINGEO,10161
10162,Ecuador,AZUAY,CUENCA,RICAURTE,10162
10163,Ecuador,AZUAY,CUENCA,SAN JOAQUÍN,10163
10164,Ecuador,AZUAY,CUENCA,SANTA ANA,10164
10165,Ecuador,AZUAY,CUENCA,SAYAUSÍ,10165
10166,Ecuador,AZUAY,CUENCA,SIDCAY,10166
10167,Ecuador,AZUAY,CUENCA,SININCAY,10167
10168,Ecuador,AZUAY,CUENCA,TARQUI,10168
10169,Ecuador,AZUAY,CUENCA,TURI,10169
10170,Ecuador,AZUAY,CUENCA,VALLE,10170
10171,Ecuador,AZUAY,CUENCA,VICTORIA DEL PORTETE (IRQUIS),10171
10250,Ecuador,AZUAY,GIRÓN,GIRÓN,10250
10251,Ecuador,AZUAY,GIRÓN,ASUNCIÓN,10251
10252,Ecuador,AZUAY,GIRÓN,SAN GERARDO,10252
10350,Ecuador,AZUAY,GUALACEO,GUALACEO,10350
10351,Ecuador,AZUAY,GUALACEO,CHORDELEG,10351
10352,Ecuador,AZUAY,GUALACEO,DANIEL CÓRDOVA TORAL (EL ORIENTE),10352
10353,Ecuador,AZUAY,GUALACEO,JADÁN,10353
10354,Ecuador,AZUAY,GUALACEO,MARIANO MORENO,10354
10355,Ecuador,AZUAY,GUALACEO,PRINCIPAL,10355
10356,Ecuador,AZUAY,GUALACEO,REMIGIO CRESPO TORAL (GÚLAG),10356
10357,Ecuador,AZUAY,GUALACEO,SAN JUAN,10357
10358,Ecuador,AZUAY,GUALACEO,ZHIDMAD,10358
10359,Ecuador,AZUAY,GUALACEO,LUIS CORDERO VEGA,10359
10360,Ecuador,AZUAY,GUALACEO,SIMÓN BOLÍVAR (CAB. EN GAÑANZOL),10360
10450,Ecuador,AZUAY,NABÓN,NABÓN,10450
10451,Ecuador,AZUAY,NABÓN,COCHAPATA,10451
10452,Ecuador,AZUAY,NABÓN,EL PROGRESO (CAB.EN ZHOTA),10452
10453,Ecuador,AZUAY,NABÓN,LAS NIEVES (CHAYA),10453
10454,Ecuador,AZUAY,NABÓN,OÑA,10454
10550,Ecuador,AZUAY,PAUTE,PAUTE,10550
10551,Ecuador,AZUAY,PAUTE,AMALUZA,10551
10552,Ecuador,AZUAY,PAUTE,BULÁN (JOSÉ VÍCTOR IZQUIERDO),10552
10553,Ecuador,AZUAY,PAUTE,CHICÁN (GUILLERMO ORTEGA),10553
10554,Ecuador,AZUAY,PAUTE,EL CABO,10554
10555,Ecuador,AZUAY,PAUTE,GUACHAPALA,10555
10556,Ecuador,AZUAY,PAUTE,GUARAINAG,10556
10557,Ecuador,AZUAY,PAUTE,PALMAS,10557
10558,Ecuador,AZUAY,PAUTE,PAN,10558
10559,Ecuador,AZUAY,PAUTE,SAN CRISTÓBAL (CARLOS ORDÓÑEZ LAZO),10559
10560,Ecuador,AZUAY,PAUTE,SEVILLA DE ORO,10560
10561,Ecuador,AZUAY,PAUTE,TOMEBAMBA,10561
10562,Ecuador,AZUAY,PAUTE,DUG DUG,10562
10650,Ecuador,AZUAY,PUCARA,PUCARÁ,10650
10651,Ecuador,AZUAY,PUCARA,CAMILO PONCE ENRÍQUEZ (CAB. EN RÍO 7 DE MOLLEPONGO),10651
10652,Ecuador,AZUAY,PUCARA,SAN RAFAEL DE SHARUG,10652
10750,Ecuador,AZUAY,SAN FERNANDO,SAN FERNANDO,10750
10751,Ecuador,AZUAY,SAN FERNANDO,CHUMBLÍN,10751
10850,Ecuador,AZUAY,SANTA ISABEL,SANTA ISABEL (CHAGUARURCO),10850
10851,Ecuador,AZUAY,SANTA ISABEL,ABDÓN CALDERÓN (LA UNIÓN),10851
10852,Ecuador,AZUAY,SANTA ISABEL,EL CARMEN DE PIJILÍ,10852
10853,Ecuador,AZUAY,SANTA ISABEL,ZHAGLLI (SHAGLLI),10853
10854,Ecuador,AZUAY,SANTA ISABEL,SAN SALVADOR DE CAÑARIBAMBA,10854
10950,Ecuador,AZUAY,SIGSIG,SIGSIG,10950
10951,Ecuador,AZUAY,SIGSIG,CUCHIL (CUTCHIL),10951
10952,Ecuador,AZUAY,SIGSIG,GIMA,10952
10953,Ecuador,AZUAY,SIGSIG,GUEL,10953
10954,Ecuador,AZUAY,SIGSIG,LUDO,10954
10955,Ecuador,AZUAY,SIGSIG,SAN BARTOLOMÉ,10955
10956,Ecuador,AZUAY,SIGSIG,SAN JOSÉ DE RARANGA,10956
11050,Ecuador,AZUAY,OÑA,SAN FELIPE DE OÑA,11050
11051,Ecuador,AZUAY,OÑA,SUSUDEL,11051
11150,Ecuador,AZUAY,CHORDELEG,CHORDELEG,11150
11151,Ecuador,AZUAY,CHORDELEG,PRINCIPAL,11151
11152,Ecuador,AZUAY,CHORDELEG,LA UNIÓN,11152
11153,Ecuador,AZUAY,CHORDELEG,LUIS GALARZA ORELLANA (CAB.EN DELEGSOL),11153
11154,Ecuador,AZUAY,CHORDELEG,SAN MARTÍN DE PUZHIO,11154
11250,Ecuador,AZUAY,EL PAN,EL PAN,11250
11251,Ecuador,AZUAY,EL PAN,AMALUZA,11251
11252,Ecuador,AZUAY,EL PAN,PALMAS,11252
11253,Ecuador,AZUAY,EL PAN,SAN VICENTE,11253
11350,Ecuador,AZUAY,SEVILLA DE ORO,SEVILLA DE ORO,11350
11351,Ecuador,AZUAY,SEVILLA DE ORO,AMALUZA,11351
11352,Ecuador,AZUAY,SEVILLA DE ORO,PALMAS,11352
11450,Ecuador,AZUAY,GUACHAPALA,GUACHAPALA,11450
11550,Ecuador,AZUAY,CAMILO PONCE ENRÍQUEZ,CAMILO PONCE ENRÍQUEZ,11550
11551,Ecuador,AZUAY,CAMILO PONCE ENRÍQUEZ,EL CARMEN DE PIJILÍ,11551
20101,Ecuador,BOLÍVAR,GUARANDA,ÁNGEL POLIBIO CHÁVES,20101
20102,Ecuador,BOLÍVAR,GUARANDA,GABRIEL IGNACIO VEINTIMILLA,20102
20103,Ecuador,BOLÍVAR,GUARANDA,GUANUJO,20103
20150,Ecuador,BOLÍVAR,GUARANDA,GUARANDA,20150
20151,Ecuador,BOLÍVAR,GUARANDA,FACUNDO VELA,20151
20152,Ecuador,BOLÍVAR,GUARANDA,GUANUJO,20152
20153,Ecuador,BOLÍVAR,GUARANDA,JULIO E. MORENO (CATANAHUÁN GRANDE),20153
20154,Ecuador,BOLÍVAR,GUARANDA,LAS NAVES,20154
20155,Ecuador,BOLÍVAR,GUARANDA,SALINAS,20155
20156,Ecuador,BOLÍVAR,GUARANDA,SAN LORENZO,20156
20157,Ecuador,BOLÍVAR,GUARANDA,SAN SIMÓN (YACOTO),20157
20158,Ecuador,BOLÍVAR,GUARANDA,SANTA FÉ (SANTA FÉ),20158
20159,Ecuador,BOLÍVAR,GUARANDA,SIMIÁTUG,20159
20160,Ecuador,BOLÍVAR,GUARANDA,SAN LUIS DE PAMBIL,20160
20250,Ecuador,BOLÍVAR,CHILLANES,CHILLANES,20250
20251,Ecuador,BOLÍVAR,CHILLANES,SAN JOSÉ DEL TAMBO (TAMBOPAMBA),20251
20350,Ecuador,BOLÍVAR,CHIMBO,SAN JOSÉ DE CHIMBO,20350
20351,Ecuador,BOLÍVAR,CHIMBO,ASUNCIÓN (ASANCOTO),20351
20352,Ecuador,BOLÍVAR,CHIMBO,CALUMA,20352
20353,Ecuador,BOLÍVAR,CHIMBO,MAGDALENA (CHAPACOTO),20353
20354,Ecuador,BOLÍVAR,CHIMBO,SAN SEBASTIÁN,20354
20355,Ecuador,BOLÍVAR,CHIMBO,TELIMBELA,20355
20450,Ecuador,BOLÍVAR,ECHEANDÍA,ECHEANDÍA,20450
20550,Ecuador,BOLÍVAR,SAN MIGUEL,SAN MIGUEL,20550
20551,Ecuador,BOLÍVAR,SAN MIGUEL,BALSAPAMBA,20551
20552,Ecuador,BOLÍVAR,SAN MIGUEL,BILOVÁN,20552
20553,Ecuador,BOLÍVAR,SAN MIGUEL,RÉGULO DE MORA,20553
20554,Ecuador,BOLÍVAR,SAN MIGUEL,SAN PABLO (SAN PABLO DE ATENAS),20554
20555,Ecuador,BOLÍVAR,SAN MIGUEL,SANTIAGO,20555
20556,Ecuador,BOLÍVAR,SAN MIGUEL,SAN VICENTE,20556
20650,Ecuador,BOLÍVAR,CALUMA,CALUMA,20650
20701,Ecuador,BOLÍVAR,LAS NAVES,LAS MERCEDES,20701
20702,Ecuador,BOLÍVAR,LAS NAVES,LAS NAVES,20702
20750,Ecuador,BOLÍVAR,LAS NAVES,LAS NAVES,20750
30101,Ecuador,CAÑAR,AZOGUES,AURELIO BAYAS MARTÍNEZ,30101
30102,Ecuador,CAÑAR,AZOGUES,AZOGUES,30102
30103,Ecuador,CAÑAR,AZOGUES,BORRERO,30103
30104,Ecuador,CAÑAR,AZOGUES,SAN FRANCISCO,30104
30150,Ecuador,CAÑAR,AZOGUES,AZOGUES,30150
30151,Ecuador,CAÑAR,AZOGUES,COJITAMBO,30151
30152,Ecuador,CAÑAR,AZOGUES,DÉLEG,30152
30153,Ecuador,CAÑAR,AZOGUES,GUAPÁN,30153
30154,Ecuador,CAÑAR,AZOGUES,JAVIER LOYOLA (CHUQUIPATA),30154
30155,Ecuador,CAÑAR,AZOGUES,LUIS CORDERO,30155
30156,Ecuador,CAÑAR,AZOGUES,PINDILIG,30156
30157,Ecuador,CAÑAR,AZOGUES,RIVERA,30157
30158,Ecuador,CAÑAR,AZOGUES,SAN MIGUEL,30158
30159,Ecuador,CAÑAR,AZOGUES,SOLANO,30159
30160,Ecuador,CAÑAR,AZOGUES,TADAY,30160
30250,Ecuador,CAÑAR,BIBLIÁN,BIBLIÁN,30250
30251,Ecuador,CAÑAR,BIBLIÁN,NAZÓN (CAB. EN PAMPA DE DOMÍNGUEZ),30251
30252,Ecuador,CAÑAR,BIBLIÁN,SAN FRANCISCO DE SAGEO,30252
30253,Ecuador,CAÑAR,BIBLIÁN,TURUPAMBA,30253
30254,Ecuador,CAÑAR,BIBLIÁN,JERUSALÉN,30254
30350,Ecuador,CAÑAR,CAÑAR,CAÑAR,30350
30351,Ecuador,CAÑAR,CAÑAR,CHONTAMARCA,30351
30352,Ecuador,CAÑAR,CAÑAR,CHOROCOPTE,30352
30353,Ecuador,CAÑAR,CAÑAR,GENERAL MORALES (SOCARTE),30353
30354,Ecuador,CAÑAR,CAÑAR,GUALLETURO,30354
30355,Ecuador,CAÑAR,CAÑAR,HONORATO VÁSQUEZ (TAMBO VIEJO),30355
30356,Ecuador,CAÑAR,CAÑAR,INGAPIRCA,30356
30357,Ecuador,CAÑAR,CAÑAR,JUNCAL,30357
30358,Ecuador,CAÑAR,CAÑAR,SAN ANTONIO,30358
30359,Ecuador,CAÑAR,CAÑAR,SUSCAL,30359
30360,Ecuador,CAÑAR,CAÑAR,TAMBO,30360
30361,Ecuador,CAÑAR,CAÑAR,ZHUD,30361
30362,Ecuador,CAÑAR,CAÑAR,VENTURA,30362
30363,Ecuador,CAÑAR,CAÑAR,DUCUR,30363
30450,Ecuador,CAÑAR,LA TRONCAL,LA TRONCAL,30450
30451,Ecuador,CAÑAR,LA TRONCAL,MANUEL J. CALLE,30451
30452,Ecuador,CAÑAR,LA TRONCAL,PANCHO NEGRO,30452
30550,Ecuador,CAÑAR,EL TAMBO,EL TAMBO,30550
30650,Ecuador,CAÑAR,DÉLEG,DÉLEG,30650
30651,Ecuador,CAÑAR,DÉLEG,SOLANO,30651
30750,Ecuador,CAÑAR,SUSCAL,SUSCAL,30750
40101,Ecuador,CARCHI,TULCÁN,GONZÁLEZ SUÁREZ,40101
40102,Ecuador,CARCHI,TULCÁN,TULCÁN,40102
40150,Ecuador,CARCHI,TULCÁN,TULCÁN,40150
40151,Ecuador,CARCHI,TULCÁN,EL CARMELO (EL PUN),40151
40152,Ecuador,CARCHI,TULCÁN,HUACA,40152
40153,Ecuador,CARCHI,TULCÁN,JULIO ANDRADE (OREJUELA),40153
40154,Ecuador,CARCHI,TULCÁN,MALDONADO,40154
40155,Ecuador,CARCHI,TULCÁN,PIOTER,40155
40156,Ecuador,CARCHI,TULCÁN,TOBAR DONOSO (LA BOCANA DE CAMUMBÍ),40156
40157,Ecuador,CARCHI,TULCÁN,TUFIÑO,40157
40158,Ecuador,CARCHI,TULCÁN,URBINA (TAYA),40158
40159,Ecuador,CARCHI,TULCÁN,EL CHICAL,40159
40160,Ecuador,CARCHI,TULCÁN,MARISCAL SUCRE,40160
40161,Ecuador,CARCHI,TULCÁN,SANTA MARTHA DE CUBA,40161
40250,Ecuador,CARCHI,BOLÍVAR,BOLÍVAR,40250
40251,Ecuador,CARCHI,BOLÍVAR,GARCÍA MORENO,40251
40252,Ecuador,CARCHI,BOLÍVAR,LOS ANDES,40252
40253,Ecuador,CARCHI,BOLÍVAR,MONTE OLIVO,40253
40254,Ecuador,CARCHI,BOLÍVAR,SAN VICENTE DE PUSIR,40254
40255,Ecuador,CARCHI,BOLÍVAR,SAN RAFAEL,40255
40301,Ecuador,CARCHI,ESPEJO,EL ÁNGEL,40301
40302,Ecuador,CARCHI,ESPEJO,27 DE SEPTIEMBRE,40302
40350,Ecuador,CARCHI,ESPEJO,EL ANGEL,40350
40351,Ecuador,CARCHI,ESPEJO,EL GOALTAL,40351
40352,Ecuador,CARCHI,ESPEJO,LA LIBERTAD (ALIZO),40352
40353,Ecuador,CARCHI,ESPEJO,SAN ISIDRO,40353
40450,Ecuador,CARCHI,MIRA,MIRA (CHONTAHUASI),40450
40451,Ecuador,CARCHI,MIRA,CONCEPCIÓN,40451
40452,Ecuador,CARCHI,MIRA,JIJÓN Y CAAMAÑO (CAB. EN RÍO BLANCO),40452
40453,Ecuador,CARCHI,MIRA,JUAN MONTALVO (SAN IGNACIO DE QUIL),40453
40501,Ecuador,CARCHI,MONTÚFAR,GONZÁLEZ SUÁREZ,40501
40502,Ecuador,CARCHI,MONTÚFAR,SAN JOSÉ,40502
40550,Ecuador,CARCHI,MONTÚFAR,SAN GABRIEL,40550
40551,Ecuador,CARCHI,MONTÚFAR,CRISTÓBAL COLÓN,40551
40552,Ecuador,CARCHI,MONTÚFAR,CHITÁN DE NAVARRETE,40552
40553,Ecuador,CARCHI,MONTÚFAR,FERNÁNDEZ SALVADOR,40553
40554,Ecuador,CARCHI,MONTÚFAR,LA PAZ,40554
40555,Ecuador,CARCHI,MONTÚFAR,PIARTAL,40555
40650,Ecuador,CARCHI,SAN PEDRO DE HUACA,HUACA,40650
40651,Ecuador,CARCHI,SAN PEDRO DE HUACA,MARISCAL SUCRE,40651
50101,Ecuador,COTOPAXI,LATACUNGA,ELOY ALFARO (SAN FELIPE),50101
50102,Ecuador,COTOPAXI,LATACUNGA,IGNACIO FLORES (PARQUE FLORES),50102
50103,Ecuador,COTOPAXI,LATACUNGA,JUAN MONTALVO (SAN SEBASTIÁN),50103
50104,Ecuador,COTOPAXI,LATACUNGA,LA MATRIZ,50104
50105,Ecuador,COTOPAXI,LATACUNGA,SAN BUENAVENTURA,50105
50150,Ecuador,COTOPAXI,LATACUNGA,LATACUNGA,50150
50151,Ecuador,COTOPAXI,LATACUNGA,ALAQUES (ALÁQUEZ),50151
50152,Ecuador,COTOPAXI,LATACUNGA,BELISARIO QUEVEDO (GUANAILÍN),50152
50153,Ecuador,COTOPAXI,LATACUNGA,GUAITACAMA (GUAYTACAMA),50153
50154,Ecuador,COTOPAXI,LATACUNGA,JOSEGUANGO BAJO,50154
50155,Ecuador,COTOPAXI,LATACUNGA,LAS PAMPAS,50155
50156,Ecuador,COTOPAXI,LATACUNGA,MULALÓ,50156
50157,Ecuador,COTOPAXI,LATACUNGA,11 DE NOVIEMBRE (ILINCHISI),50157
50158,Ecuador,COTOPAXI,LATACUNGA,POALÓ,50158
50159,Ecuador,COTOPAXI,LATACUNGA,SAN JUAN DE PASTOCALLE,50159
50160,Ecuador,COTOPAXI,LATACUNGA,SIGCHOS,50160
50161,Ecuador,COTOPAXI,LATACUNGA,TANICUCHÍ,50161
50162,Ecuador,COTOPAXI,LATACUNGA,TOACASO,50162
50163,Ecuador,COTOPAXI,LATACUNGA,PALO QUEMADO,50163
50201,Ecuador,COTOPAXI,LA MANÁ,EL CARMEN,50201
50202,Ecuador,COTOPAXI,LA MANÁ,LA MANÁ,50202
50203,Ecuador,COTOPAXI,LA MANÁ,EL TRIUNFO,50203
50250,Ecuador,COTOPAXI,LA MANÁ,LA MANÁ,50250
50251,Ecuador,COTOPAXI,LA MANÁ,GUASAGANDA (CAB.EN GUASAGANDA,50251
50252,Ecuador,COTOPAXI,LA MANÁ,PUCAYACU,50252
50350,Ecuador,COTOPAXI,PANGUA,EL CORAZÓN,50350
50351,Ecuador,COTOPAXI,PANGUA,MORASPUNGO,50351
50352,Ecuador,COTOPAXI,PANGUA,PINLLOPATA,50352
50353,Ecuador,COTOPAXI,PANGUA,RAMÓN CAMPAÑA,50353
50450,Ecuador,COTOPAXI,PUJILI,PUJILÍ,50450
50451,Ecuador,COTOPAXI,PUJILI,ANGAMARCA,50451
50452,Ecuador,COTOPAXI,PUJILI,CHUCCHILÁN (CHUGCHILÁN),50452
50453,Ecuador,COTOPAXI,PUJILI,GUANGAJE,50453
50454,Ecuador,COTOPAXI,PUJILI,ISINLIBÍ (ISINLIVÍ),50454
50455,Ecuador,COTOPAXI,PUJILI,LA VICTORIA,50455
50456,Ecuador,COTOPAXI,PUJILI,PILALÓ,50456
50457,Ecuador,COTOPAXI,PUJILI,TINGO,50457
50458,Ecuador,COTOPAXI,PUJILI,ZUMBAHUA,50458
50550,Ecuador,COTOPAXI,SALCEDO,SAN MIGUEL,50550
50551,Ecuador,COTOPAXI,SALCEDO,ANTONIO JOSÉ HOLGUÍN (SANTA LUCÍA),50551
50552,Ecuador,COTOPAXI,SALCEDO,CUSUBAMBA,50552
50553,Ecuador,COTOPAXI,SALCEDO,MULALILLO,50553
50554,Ecuador,COTOPAXI,SALCEDO,MULLIQUINDIL (SANTA ANA),50554
50555,Ecuador,COTOPAXI,SALCEDO,PANSALEO,50555
50650,Ecuador,COTOPAXI,SAQUISILÍ,SAQUISILÍ,50650
50651,Ecuador,COTOPAXI,SAQUISILÍ,CANCHAGUA,50651
50652,Ecuador,COTOPAXI,SAQUISILÍ,CHANTILÍN,50652
50653,Ecuador,COTOPAXI,SAQUISILÍ,COCHAPAMBA,50653
50750,Ecuador,COTOPAXI,CANTÒN SIGCHOS,SIGCHOS,50750
50751,Ecuador,COTOPAXI,CANTÒN SIGCHOS,CHUGCHILLÁN,50751
50752,Ecuador,COTOPAXI,CANTÒN SIGCHOS,ISINLIVÍ,50752
50753,Ecuador,COTOPAXI,CANTÒN SIGCHOS,LAS PAMPAS,50753
50754,Ecuador,COTOPAXI,CANTÒN SIGCHOS,PALO QUEMADO,50754
60101,Ecuador,CHIMBORAZO,RIOBAMBA,LIZARZABURU,60101
60102,Ecuador,CHIMBORAZO,RIOBAMBA,MALDONADO,60102
60103,Ecuador,CHIMBORAZO,RIOBAMBA,VELASCO,60103
60104,Ecuador,CHIMBORAZO,RIOBAMBA,VELOZ,60104
60105,Ecuador,CHIMBORAZO,RIOBAMBA,YARUQUÍES,60105
60150,Ecuador,CHIMBORAZO,RIOBAMBA,RIOBAMBA,60150
60151,Ecuador,CHIMBORAZO,RIOBAMBA,CACHA (CAB. EN MACHÁNGARA),60151
60152,Ecuador,CHIMBORAZO,RIOBAMBA,CALPI,60152
60153,Ecuador,CHIMBORAZO,RIOBAMBA,CUBIJÍES,60153
60154,Ecuador,CHIMBORAZO,RIOBAMBA,FLORES,60154
60155,Ecuador,CHIMBORAZO,RIOBAMBA,LICÁN,60155
60156,Ecuador,CHIMBORAZO,RIOBAMBA,LICTO,60156
60157,Ecuador,CHIMBORAZO,RIOBAMBA,PUNGALÁ,60157
60158,Ecuador,CHIMBORAZO,RIOBAMBA,PUNÍN,60158
60159,Ecuador,CHIMBORAZO,RIOBAMBA,QUIMIAG,60159
60160,Ecuador,CHIMBORAZO,RIOBAMBA,SAN JUAN,60160
60161,Ecuador,CHIMBORAZO,RIOBAMBA,SAN LUIS,60161
60250,Ecuador,CHIMBORAZO,ALAUSI,ALAUSÍ,60250
60251,Ecuador,CHIMBORAZO,ALAUSI,ACHUPALLAS,60251
60252,Ecuador,CHIMBORAZO,ALAUSI,CUMANDÁ,60252
60253,Ecuador,CHIMBORAZO,ALAUSI,GUASUNTOS,60253
60254,Ecuador,CHIMBORAZO,ALAUSI,HUIGRA,60254
60255,Ecuador,CHIMBORAZO,ALAUSI,MULTITUD,60255
60256,Ecuador,CHIMBORAZO,ALAUSI,PISTISHÍ (NARIZ DEL DIABLO),60256
60257,Ecuador,CHIMBORAZO,ALAUSI,PUMALLACTA,60257
60258,Ecuador,CHIMBORAZO,ALAUSI,SEVILLA,60258
60259,Ecuador,CHIMBORAZO,ALAUSI,SIBAMBE,60259
60260,Ecuador,CHIMBORAZO,ALAUSI,TIXÁN,60260
60301,Ecuador,CHIMBORAZO,COLTA,CAJABAMBA,60301
60302,Ecuador,CHIMBORAZO,COLTA,SICALPA,60302
60350,Ecuador,CHIMBORAZO,COLTA,VILLA LA UNIÓN (CAJABAMBA),60350
60351,Ecuador,CHIMBORAZO,COLTA,CAÑI,60351
60352,Ecuador,CHIMBORAZO,COLTA,COLUMBE,60352
60353,Ecuador,CHIMBORAZO,COLTA,JUAN DE VELASCO (PANGOR),60353
60354,Ecuador,CHIMBORAZO,COLTA,SANTIAGO DE QUITO (CAB. EN SAN ANTONIO DE QUITO),60354
60450,Ecuador,CHIMBORAZO,CHAMBO,CHAMBO,60450
60550,Ecuador,CHIMBORAZO,CHUNCHI,CHUNCHI,60550
60551,Ecuador,CHIMBORAZO,CHUNCHI,CAPZOL,60551
60552,Ecuador,CHIMBORAZO,CHUNCHI,COMPUD,60552
60553,Ecuador,CHIMBORAZO,CHUNCHI,GONZOL,60553
60554,Ecuador,CHIMBORAZO,CHUNCHI,LLAGOS,60554
60650,Ecuador,CHIMBORAZO,GUAMOTE,GUAMOTE,60650
60651,Ecuador,CHIMBORAZO,GUAMOTE,CEBADAS,60651
60652,Ecuador,CHIMBORAZO,GUAMOTE,PALMIRA,60652
60701,Ecuador,CHIMBORAZO,GUANO,EL ROSARIO,60701
60702,Ecuador,CHIMBORAZO,GUANO,LA MATRIZ,60702
60750,Ecuador,CHIMBORAZO,GUANO,GUANO,60750
60751,Ecuador,CHIMBORAZO,GUANO,GUANANDO,60751
60752,Ecuador,CHIMBORAZO,GUANO,ILAPO,60752
60753,Ecuador,CHIMBORAZO,GUANO,LA PROVIDENCIA,60753
60754,Ecuador,CHIMBORAZO,GUANO,SAN ANDRÉS,60754
60755,Ecuador,CHIMBORAZO,GUANO,SAN GERARDO DE PACAICAGUÁN,60755
60756,Ecuador,CHIMBORAZO,GUANO,SAN ISIDRO DE PATULÚ,60756
60757,Ecuador,CHIMBORAZO,GUANO,SAN JOSÉ DEL CHAZO,60757
60758,Ecuador,CHIMBORAZO,GUANO,SANTA FÉ DE GALÁN,60758
60759,Ecuador,CHIMBORAZO,GUANO,VALPARAÍSO,60759
60850,Ecuador,CHIMBORAZO,PALLATANGA,PALLATANGA,60850
60950,Ecuador,CHIMBORAZO,PENIPE,PENIPE,60950
60951,Ecuador,CHIMBORAZO,PENIPE,EL ALTAR,60951
60952,Ecuador,CHIMBORAZO,PENIPE,MATUS,60952
60953,Ecuador,CHIMBORAZO,PENIPE,PUELA,60953
60954,Ecuador,CHIMBORAZO,PENIPE,SAN ANTONIO DE BAYUSHIG,60954
60955,Ecuador,CHIMBORAZO,PENIPE,LA CANDELARIA,60955
60956,Ecuador,CHIMBORAZO,PENIPE,BILBAO (CAB.EN QUILLUYACU),60956
61050,Ecuador,CHIMBORAZO,CUMANDÁ,CUMANDÁ,61050
70101,Ecuador,EL ORO,MACHALA,LA PROVIDENCIA,70101
70102,Ecuador,EL ORO,MACHALA,MACHALA,70102
70103,Ecuador,EL ORO,MACHALA,PUERTO BOLÍVAR,70103
70104,Ecuador,EL ORO,MACHALA,NUEVE DE MAYO,70104
70105,Ecuador,EL ORO,MACHALA,EL CAMBIO,70105
70150,Ecuador,EL ORO,MACHALA,MACHALA,70150
70151,Ecuador,EL ORO,MACHALA,EL CAMBIO,70151
70152,Ecuador,EL ORO,MACHALA,EL RETIRO,70152
70250,Ecuador,EL ORO,ARENILLAS,ARENILLAS,70250
70251,Ecuador,EL ORO,ARENILLAS,CHACRAS,70251
70252,Ecuador,EL ORO,ARENILLAS,LA LIBERTAD,70252
70253,Ecuador,EL ORO,ARENILLAS,LAS LAJAS (CAB. EN LA VICTORIA),70253
70254,Ecuador,EL ORO,ARENILLAS,PALMALES,70254
70255,Ecuador,EL ORO,ARENILLAS,CARCABÓN,70255
70350,Ecuador,EL ORO,ATAHUALPA,PACCHA,70350
70351,Ecuador,EL ORO,ATAHUALPA,AYAPAMBA,70351
70352,Ecuador,EL ORO,ATAHUALPA,CORDONCILLO,70352
70353,Ecuador,EL ORO,ATAHUALPA,MILAGRO,70353
70354,Ecuador,EL ORO,ATAHUALPA,SAN JOSÉ,70354
70355,Ecuador,EL ORO,ATAHUALPA,SAN JUAN DE CERRO AZUL,70355
70450,Ecuador,EL ORO,BALSAS,BALSAS,70450
70451,Ecuador,EL ORO,BALSAS,BELLAMARÍA,70451
70550,Ecuador,EL ORO,CHILLA,CHILLA,70550
70650,Ecuador,EL ORO,EL GUABO,EL GUABO,70650
70651,Ecuador,EL ORO,EL GUABO,BARBONES (SUCRE),70651
70652,Ecuador,EL ORO,EL GUABO,LA IBERIA,70652
70653,Ecuador,EL ORO,EL GUABO,TENDALES (CAB.EN PUERTO TENDALES),70653
70654,Ecuador,EL ORO,EL GUABO,RÍO BONITO,70654
70701,Ecuador,EL ORO,HUAQUILLAS,ECUADOR,70701
70702,Ecuador,EL ORO,HUAQUILLAS,EL PARAÍSO,70702
70703,Ecuador,EL ORO,HUAQUILLAS,HUALTACO,70703
70704,Ecuador,EL ORO,HUAQUILLAS,MILTON REYES,70704
70705,Ecuador,EL ORO,HUAQUILLAS,UNIÓN LOJANA,70705
70750,Ecuador,EL ORO,HUAQUILLAS,HUAQUILLAS,70750
70850,Ecuador,EL ORO,MARCABELÍ,MARCABELÍ,70850
70851,Ecuador,EL ORO,MARCABELÍ,EL INGENIO,70851
70901,Ecuador,EL ORO,PASAJE,BOLÍVAR,70901
70902,Ecuador,EL ORO,PASAJE,LOMA DE FRANCO,70902
70903,Ecuador,EL ORO,PASAJE,OCHOA LEÓN (MATRIZ),70903
70904,Ecuador,EL ORO,PASAJE,TRES CERRITOS,70904
70950,Ecuador,EL ORO,PASAJE,PASAJE,70950
70951,Ecuador,EL ORO,PASAJE,BUENAVISTA,70951
70952,Ecuador,EL ORO,PASAJE,CASACAY,70952
70953,Ecuador,EL ORO,PASAJE,LA PEAÑA,70953
70954,Ecuador,EL ORO,PASAJE,PROGRESO,70954
70955,Ecuador,EL ORO,PASAJE,UZHCURRUMI,70955
70956,Ecuador,EL ORO,PASAJE,CAÑAQUEMADA,70956
71001,Ecuador,EL ORO,PIÑAS,LA MATRIZ,71001
71002,Ecuador,EL ORO,PIÑAS,LA SUSAYA,71002
71003,Ecuador,EL ORO,PIÑAS,PIÑAS GRANDE,71003
71050,Ecuador,EL ORO,PIÑAS,PIÑAS,71050
71051,Ecuador,EL ORO,PIÑAS,CAPIRO (CAB. EN LA CAPILLA DE CAPIRO),71051
71052,Ecuador,EL ORO,PIÑAS,LA BOCANA,71052
71053,Ecuador,EL ORO,PIÑAS,MOROMORO (CAB. EN EL VADO),71053
71054,Ecuador,EL ORO,PIÑAS,PIEDRAS,71054
71055,Ecuador,EL ORO,PIÑAS,SAN ROQUE (AMBROSIO MALDONADO),71055
71056,Ecuador,EL ORO,PIÑAS,SARACAY,71056
71150,Ecuador,EL ORO,PORTOVELO,PORTOVELO,71150
71151,Ecuador,EL ORO,PORTOVELO,CURTINCAPA,71151
71152,Ecuador,EL ORO,PORTOVELO,MORALES,71152
71153,Ecuador,EL ORO,PORTOVELO,SALATÍ,71153
71201,Ecuador,EL ORO,SANTA ROSA,SANTA ROSA,71201
71202,Ecuador,EL ORO,SANTA ROSA,PUERTO JELÍ,71202
71203,Ecuador,EL ORO,SANTA ROSA,BALNEARIO JAMBELÍ (SATÉLITE),71203
71204,Ecuador,EL ORO,SANTA ROSA,JUMÓN (SATÉLITE),71204
71205,Ecuador,EL ORO,SANTA ROSA,NUEVO SANTA ROSA,71205
71250,Ecuador,EL ORO,SANTA ROSA,SANTA ROSA,71250
71251,Ecuador,EL ORO,SANTA ROSA,BELLAVISTA,71251
71252,Ecuador,EL ORO,SANTA ROSA,JAMBELÍ,71252
71253,Ecuador,EL ORO,SANTA ROSA,LA AVANZADA,71253
71254,Ecuador,EL ORO,SANTA ROSA,SAN ANTONIO,71254
71255,Ecuador,EL ORO,SANTA ROSA,TORATA,71255
71256,Ecuador,EL ORO,SANTA ROSA,VICTORIA,71256
71257,Ecuador,EL ORO,SANTA ROSA,BELLAMARÍA,71257
71350,Ecuador,EL ORO,ZARUMA,ZARUMA,71350
71351,Ecuador,EL ORO,ZARUMA,ABAÑÍN,71351
71352,Ecuador,EL ORO,ZARUMA,ARCAPAMBA,71352
71353,Ecuador,EL ORO,ZARUMA,GUANAZÁN,71353
71354,Ecuador,EL ORO,ZARUMA,GUIZHAGUIÑA,71354
71355,Ecuador,EL ORO,ZARUMA,HUERTAS,71355
71356,Ecuador,EL ORO,ZARUMA,MALVAS,71356
71357,Ecuador,EL ORO,ZARUMA,MULUNCAY GRANDE,71357
71358,Ecuador,EL ORO,ZARUMA,SINSAO,71358
71359,Ecuador,EL ORO,ZARUMA,SALVIAS,71359
71401,Ecuador,EL ORO,LAS LAJAS,LA VICTORIA,71401
71402,Ecuador,EL ORO,LAS LAJAS,PLATANILLOS,71402
71403,Ecuador,EL ORO,LAS LAJAS,VALLE HERMOSO,71403
71450,Ecuador,EL ORO,LAS LAJAS,LA VICTORIA,71450
71451,Ecuador,EL ORO,LAS LAJAS,LA LIBERTAD,71451
71452,Ecuador,EL ORO,LAS LAJAS,EL PARAÍSO,71452
71453,Ecuador,EL ORO,LAS LAJAS,SAN ISIDRO,71453
80101,Ecuador,ESMERALDAS,ESMERALDAS,BARTOLOMÉ RUIZ (CÉSAR FRANCO CARRIÓN),80101
80102,Ecuador,ESMERALDAS,ESMERALDAS,5 DE AGOSTO,80102
80103,Ecuador,ESMERALDAS,ESMERALDAS,ESMERALDAS,80103
80104,Ecuador,ESMERALDAS,ESMERALDAS,LUIS TELLO (LAS PALMAS),80104
80105,Ecuador,ESMERALDAS,ESMERALDAS,SIMÓN PLATA TORRES,80105
80150,Ecuador,ESMERALDAS,ESMERALDAS,ESMERALDAS,80150
80151,Ecuador,ESMERALDAS,ESMERALDAS,ATACAMES,80151
80152,Ecuador,ESMERALDAS,ESMERALDAS,CAMARONES (CAB. EN SAN VICENTE),80152
80153,Ecuador,ESMERALDAS,ESMERALDAS,CRNEL. CARLOS CONCHA TORRES (CAB.EN HUELE),80153
80154,Ecuador,ESMERALDAS,ESMERALDAS,CHINCA,80154
80155,Ecuador,ESMERALDAS,ESMERALDAS,CHONTADURO,80155
80156,Ecuador,ESMERALDAS,ESMERALDAS,CHUMUNDÉ,80156
80157,Ecuador,ESMERALDAS,ESMERALDAS,LAGARTO,80157
80158,Ecuador,ESMERALDAS,ESMERALDAS,LA UNIÓN,80158
80159,Ecuador,ESMERALDAS,ESMERALDAS,MAJUA,80159
80160,Ecuador,ESMERALDAS,ESMERALDAS,MONTALVO (CAB. EN HORQUETA),80160
80161,Ecuador,ESMERALDAS,ESMERALDAS,RÍO VERDE,80161
80162,Ecuador,ESMERALDAS,ESMERALDAS,ROCAFUERTE,80162
80163,Ecuador,ESMERALDAS,ESMERALDAS,SAN MATEO,80163
80164,Ecuador,ESMERALDAS,ESMERALDAS,SÚA (CAB. EN LA BOCANA),80164
80165,Ecuador,ESMERALDAS,ESMERALDAS,TABIAZO,80165
80166,Ecuador,ESMERALDAS,ESMERALDAS,TACHINA,80166
80167,Ecuador,ESMERALDAS,ESMERALDAS,TONCHIGÜE,80167
80168,Ecuador,ESMERALDAS,ESMERALDAS,VUELTA LARGA,80168
80169,Ecuador,ESMERALDAS,ESMERALDAS,FEBRES CORDERO,80169
80250,Ecuador,ESMERALDAS,ELOY ALFARO,VALDEZ (LIMONES),80250
80251,Ecuador,ESMERALDAS,ELOY ALFARO,ANCHAYACU,80251
80252,Ecuador,ESMERALDAS,ELOY ALFARO,ATAHUALPA (CAB. EN CAMARONES),80252
80253,Ecuador,ESMERALDAS,ELOY ALFARO,BORBÓN,80253
80254,Ecuador,ESMERALDAS,ELOY ALFARO,LA TOLA,80254
80255,Ecuador,ESMERALDAS,ELOY ALFARO,LUIS VARGAS TORRES (CAB. EN PLAYA DE ORO),80255
80256,Ecuador,ESMERALDAS,ELOY ALFARO,MALDONADO,80256
80257,Ecuador,ESMERALDAS,ELOY ALFARO,PAMPANAL DE BOLÍVAR,80257
80258,Ecuador,ESMERALDAS,ELOY ALFARO,SAN FRANCISCO DE ONZOLE,80258
80259,Ecuador,ESMERALDAS,ELOY ALFARO,SANTO DOMINGO DE ONZOLE,80259
80260,Ecuador,ESMERALDAS,ELOY ALFARO,SELVA ALEGRE,80260
80261,Ecuador,ESMERALDAS,ELOY ALFARO,TELEMBÍ,80261
80262,Ecuador,ESMERALDAS,ELOY ALFARO,COLÓN ELOY DEL MARÍA,80262
80263,Ecuador,ESMERALDAS,ELOY ALFARO,SAN JOSÉ DE CAYAPAS,80263
80264,Ecuador,ESMERALDAS,ELOY ALFARO,TIMBIRÉ,80264
80350,Ecuador,ESMERALDAS,MUISNE,MUISNE,80350
80351,Ecuador,ESMERALDAS,MUISNE,BOLÍVAR,80351
80352,Ecuador,ESMERALDAS,MUISNE,DAULE,80352
80353,Ecuador,ESMERALDAS,MUISNE,GALERA,80353
80354,Ecuador,ESMERALDAS,MUISNE,QUINGUE (OLMEDO PERDOMO FRANCO),80354
80355,Ecuador,ESMERALDAS,MUISNE,SALIMA,80355
80356,Ecuador,ESMERALDAS,MUISNE,SAN FRANCISCO,80356
80357,Ecuador,ESMERALDAS,MUISNE,SAN GREGORIO,80357
80358,Ecuador,ESMERALDAS,MUISNE,SAN JOSÉ DE CHAMANGA (CAB.EN CHAMANGA),80358
80450,Ecuador,ESMERALDAS,QUININDÉ,ROSA ZÁRATE (QUININDÉ),80450
80451,Ecuador,ESMERALDAS,QUININDÉ,CUBE,80451
80452,Ecuador,ESMERALDAS,QUININDÉ,CHURA (CHANCAMA) (CAB. EN EL YERBERO),80452
80453,Ecuador,ESMERALDAS,QUININDÉ,MALIMPIA,80453
80454,Ecuador,ESMERALDAS,QUININDÉ,VICHE,80454
80455,Ecuador,ESMERALDAS,QUININDÉ,LA UNIÓN,80455
80550,Ecuador,ESMERALDAS,SAN LORENZO,SAN LORENZO,80550
80551,Ecuador,ESMERALDAS,SAN LORENZO,ALTO TAMBO (CAB. EN GUADUAL),80551
80552,Ecuador,ESMERALDAS,SAN LORENZO,ANCÓN (PICHANGAL) (CAB. EN PALMA REAL),80552
80553,Ecuador,ESMERALDAS,SAN LORENZO,CALDERÓN,80553
80554,Ecuador,ESMERALDAS,SAN LORENZO,CARONDELET,80554
80555,Ecuador,ESMERALDAS,SAN LORENZO,5 DE JUNIO (CAB. EN UIMBI),80555
80556,Ecuador,ESMERALDAS,SAN LORENZO,CONCEPCIÓN,80556
80557,Ecuador,ESMERALDAS,SAN LORENZO,MATAJE (CAB. EN SANTANDER),80557
80558,Ecuador,ESMERALDAS,SAN LORENZO,SAN JAVIER DE CACHAVÍ (CAB. EN SAN JAVIER),80558
80559,Ecuador,ESMERALDAS,SAN LORENZO,SANTA RITA,80559
80560,Ecuador,ESMERALDAS,SAN LORENZO,TAMBILLO,80560
80561,Ecuador,ESMERALDAS,SAN LORENZO,TULULBÍ (CAB. EN RICAURTE),80561
80562,Ecuador,ESMERALDAS,SAN LORENZO,URBINA,80562
80650,Ecuador,ESMERALDAS,ATACAMES,ATACAMES,80650
80651,Ecuador,ESMERALDAS,ATACAMES,LA UNIÓN,80651
80652,Ecuador,ESMERALDAS,ATACAMES,SÚA (CAB. EN LA BOCANA),80652
80653,Ecuador,ESMERALDAS,ATACAMES,TONCHIGÜE,80653
80654,Ecuador,ESMERALDAS,ATACAMES,TONSUPA,80654
80750,Ecuador,ESMERALDAS,RIOVERDE,RIOVERDE,80750
80751,Ecuador,ESMERALDAS,RIOVERDE,CHONTADURO,80751
80752,Ecuador,ESMERALDAS,RIOVERDE,CHUMUNDÉ,80752
80753,Ecuador,ESMERALDAS,RIOVERDE,LAGARTO,80753
80754,Ecuador,ESMERALDAS,RIOVERDE,MONTALVO (CAB. EN HORQUETA),80754
80755,Ecuador,ESMERALDAS,RIOVERDE,ROCAFUERTE,80755
80850,Ecuador,ESMERALDAS,LA CONCORDIA,LA CONCORDIA,80850
80851,Ecuador,ESMERALDAS,LA CONCORDIA,MONTERREY,80851
80852,Ecuador,ESMERALDAS,LA CONCORDIA,LA VILLEGAS,80852
80853,Ecuador,ESMERALDAS,LA CONCORDIA,PLAN PILOTO,80853
90101,Ecuador,GUAYAS,GUAYAQUIL,AYACUCHO,90101
90102,Ecuador,GUAYAS,GUAYAQUIL,BOLÍVAR (SAGRARIO),90102
90103,Ecuador,GUAYAS,GUAYAQUIL,CARBO (CONCEPCIÓN),90103
90104,Ecuador,GUAYAS,GUAYAQUIL,FEBRES CORDERO,90104
90105,Ecuador,GUAYAS,GUAYAQUIL,GARCÍA MORENO,90105
90106,Ecuador,GUAYAS,GUAYAQUIL,LETAMENDI,90106
90107,Ecuador,GUAYAS,GUAYAQUIL,NUEVE DE OCTUBRE,90107
90108,Ecuador,GUAYAS,GUAYAQUIL,OLMEDO (SAN ALEJO),90108
90109,Ecuador,GUAYAS,GUAYAQUIL,ROCA,90109
90110,Ecuador,GUAYAS,GUAYAQUIL,ROCAFUERTE,90110
90111,Ecuador,GUAYAS,GUAYAQUIL,SUCRE,90111
90112,Ecuador,GUAYAS,GUAYAQUIL,TARQUI,90112
90113,Ecuador,GUAYAS,GUAYAQUIL,URDANETA,90113
90114,Ecuador,GUAYAS,GUAYAQUIL,XIMENA,90114
90115,Ecuador,GUAYAS,GUAYAQUIL,PASCUALES,90115
90150,Ecuador,GUAYAS,GUAYAQUIL,GUAYAQUIL,90150
90151,Ecuador,GUAYAS,GUAYAQUIL,CHONGÓN,90151
90152,Ecuador,GUAYAS,GUAYAQUIL,JUAN GÓMEZ RENDÓN (PROGRESO),90152
90153,Ecuador,GUAYAS,GUAYAQUIL,MORRO,90153
90154,Ecuador,GUAYAS,GUAYAQUIL,PASCUALES,90154
90155,Ecuador,GUAYAS,GUAYAQUIL,PLAYAS (GRAL. VILLAMIL),90155
90156,Ecuador,GUAYAS,GUAYAQUIL,POSORJA,90156
90157,Ecuador,GUAYAS,GUAYAQUIL,PUNÁ,90157
90158,Ecuador,GUAYAS,GUAYAQUIL,TENGUEL,90158
90250,Ecuador,GUAYAS,ALFREDO BAQUERIZO MORENO (JUJÁN),ALFREDO BAQUERIZO MORENO (JUJÁN),90250
90350,Ecuador,GUAYAS,BALAO,BALAO,90350
90450,Ecuador,GUAYAS,BALZAR,BALZAR,90450
90550,Ecuador,GUAYAS,COLIMES,COLIMES,90550
90551,Ecuador,GUAYAS,COLIMES,SAN JACINTO,90551
90601,Ecuador,GUAYAS,DAULE,DAULE,90601
90602,Ecuador,GUAYAS,DAULE,LA AURORA (SATÉLITE),90602
90603,Ecuador,GUAYAS,DAULE,BANIFE,90603
90604,Ecuador,GUAYAS,DAULE,EMILIANO CAICEDO MARCOS,90604
90605,Ecuador,GUAYAS,DAULE,MAGRO,90605
90606,Ecuador,GUAYAS,DAULE,PADRE JUAN BAUTISTA AGUIRRE,90606
90607,Ecuador,GUAYAS,DAULE,SANTA CLARA,90607
90608,Ecuador,GUAYAS,DAULE,VICENTE PIEDRAHITA,90608
90650,Ecuador,GUAYAS,DAULE,DAULE,90650
90651,Ecuador,GUAYAS,DAULE,ISIDRO AYORA (SOLEDAD),90651
90652,Ecuador,GUAYAS,DAULE,JUAN BAUTISTA AGUIRRE (LOS TINTOS),90652
90653,Ecuador,GUAYAS,DAULE,LAUREL,90653
90654,Ecuador,GUAYAS,DAULE,LIMONAL,90654
90655,Ecuador,GUAYAS,DAULE,LOMAS DE SARGENTILLO,90655
90656,Ecuador,GUAYAS,DAULE,LOS LOJAS (ENRIQUE BAQUERIZO MORENO),90656
90657,Ecuador,GUAYAS,DAULE,PIEDRAHITA (NOBOL),90657
90701,Ecuador,GUAYAS,DURÁN,ELOY ALFARO (DURÁN),90701
90702,Ecuador,GUAYAS,DURÁN,EL RECREO,90702
90750,Ecuador,GUAYAS,DURÁN,ELOY ALFARO (DURÁN),90750
90850,Ecuador,GUAYAS,EL EMPALME,VELASCO IBARRA (EL EMPALME),90850
90851,Ecuador,GUAYAS,EL EMPALME,GUAYAS (PUEBLO NUEVO),90851
90852,Ecuador,GUAYAS,EL EMPALME,EL ROSARIO,90852
90950,Ecuador,GUAYAS,EL TRIUNFO,EL TRIUNFO,90950
91050,Ecuador,GUAYAS,MILAGRO,MILAGRO,91050
91051,Ecuador,GUAYAS,MILAGRO,CHOBO,91051
91052,Ecuador,GUAYAS,MILAGRO,GENERAL ELIZALDE (BUCAY),91052
91053,Ecuador,GUAYAS,MILAGRO,MARISCAL SUCRE (HUAQUES),91053
91054,Ecuador,GUAYAS,MILAGRO,ROBERTO ASTUDILLO (CAB. EN CRUCE DE VENECIA),91054
91150,Ecuador,GUAYAS,NARANJAL,NARANJAL,91150
91151,Ecuador,GUAYAS,NARANJAL,JESÚS MARÍA,91151
91152,Ecuador,GUAYAS,NARANJAL,SAN CARLOS,91152
91153,Ecuador,GUAYAS,NARANJAL,SANTA ROSA DE FLANDES,91153
91154,Ecuador,GUAYAS,NARANJAL,TAURA,91154
91155,Ecuador,GUAYAS,NARANJAL,GARCIA MORENO,91155
91250,Ecuador,GUAYAS,NARANJITO,NARANJITO,91250
91350,Ecuador,GUAYAS,PALESTINA,PALESTINA,91350
91450,Ecuador,GUAYAS,PEDRO CARBO,PEDRO CARBO,91450
91451,Ecuador,GUAYAS,PEDRO CARBO,VALLE DE LA VIRGEN,91451
91452,Ecuador,GUAYAS,PEDRO CARBO,SABANILLA,91452
91601,Ecuador,GUAYAS,SAMBORONDÓN,SAMBORONDÓN,91601
91602,Ecuador,GUAYAS,SAMBORONDÓN,LA PUNTILLA (SATÉLITE),91602
91650,Ecuador,GUAYAS,SAMBORONDÓN,SAMBORONDÓN,91650
91651,Ecuador,GUAYAS,SAMBORONDÓN,TARIFA,91651
91850,Ecuador,GUAYAS,SANTA LUCÍA,SANTA LUCÍA,91850
91901,Ecuador,GUAYAS,SALITRE (URBINA JADO),BOCANA,91901
91902,Ecuador,GUAYAS,SALITRE (URBINA JADO),CANDILEJOS,91902
91903,Ecuador,GUAYAS,SALITRE (URBINA JADO),CENTRAL,91903
91904,Ecuador,GUAYAS,SALITRE (URBINA JADO),PARAÍSO,91904
91905,Ecuador,GUAYAS,SALITRE (URBINA JADO),SAN MATEO,91905
91950,Ecuador,GUAYAS,SALITRE (URBINA JADO),EL SALITRE (LAS RAMAS),,91950
91951,Ecuador,GUAYAS,SALITRE (URBINA JADO),GRAL. VERNAZA (DOS ESTEROS),91951
91952,Ecuador,GUAYAS,SALITRE (URBINA JADO),LA VICTORIA (ÑAUZA),91952
91953,Ecuador,GUAYAS,SALITRE (URBINA JADO),JUNQUILLAL,91953
92050,Ecuador,GUAYAS,SAN JACINTO DE YAGUACHI,SAN JACINTO DE YAGUACHI,92050
92051,Ecuador,GUAYAS,SAN JACINTO DE YAGUACHI,CRNEL. LORENZO DE GARAICOA (PEDREGAL),92051
92052,Ecuador,GUAYAS,SAN JACINTO DE YAGUACHI,CRNEL. MARCELINO MARIDUEÑA (SAN CARLOS),92052
92053,Ecuador,GUAYAS,SAN JACINTO DE YAGUACHI,GRAL. PEDRO J. MONTERO (BOLICHE),92053
92054,Ecuador,GUAYAS,SAN JACINTO DE YAGUACHI,SIMÓN BOLÍVAR,92054
92055,Ecuador,GUAYAS,SAN JACINTO DE YAGUACHI,YAGUACHI VIEJO (CONE),92055
92056,Ecuador,GUAYAS,SAN JACINTO DE YAGUACHI,VIRGEN DE FÁTIMA,92056
92150,Ecuador,GUAYAS,PLAYAS,GENERAL VILLAMIL (PLAYAS),92150
92250,Ecuador,GUAYAS,SIMÓN BOLÍVAR,SIMÓN BOLÍVAR,92250
92251,Ecuador,GUAYAS,SIMÓN BOLÍVAR,CRNEL.LORENZO DE GARAICOA (PEDREGAL),92251
92350,Ecuador,GUAYAS,CORONEL MARCELINO MARIDUEÑA,CORONEL MARCELINO MARIDUEÑA (SAN CARLOS),92350
92450,Ecuador,GUAYAS,LOMAS DE SARGENTILLO,LOMAS DE SARGENTILLO,92450
92451,Ecuador,GUAYAS,LOMAS DE SARGENTILLO,ISIDRO AYORA (SOLEDAD),92451
92550,Ecuador,GUAYAS,NOBOL,NARCISA DE JESÚS (NOBOL),92550
92750,Ecuador,GUAYAS,GENERAL ANTONIO ELIZALDE,GENERAL ANTONIO ELIZALDE (BUCAY),92750
92850,Ecuador,GUAYAS,ISIDRO AYORA,ISIDRO AYORA,92850
100101,Ecuador,IMBABURA,CANTÒN IBARRA,CARANQUI,100101
100102,Ecuador,IMBABURA,CANTÒN IBARRA,GUAYAQUIL DE ALPACHACA,100102
100103,Ecuador,IMBABURA,CANTÒN IBARRA,SAGRARIO,100103
100104,Ecuador,IMBABURA,CANTÒN IBARRA,SAN FRANCISCO,100104
100105,Ecuador,IMBABURA,CANTÒN IBARRA,LA DOLOROSA DEL PRIORATO,100105
100150,Ecuador,IMBABURA,CANTÒN IBARRA,IBARRA,100150
100151,Ecuador,IMBABURA,CANTÒN IBARRA,AMBUQUÍ,100151
100152,Ecuador,IMBABURA,CANTÒN IBARRA,ANGOCHAGUA,100152
100153,Ecuador,IMBABURA,CANTÒN IBARRA,CAROLINA,100153
100154,Ecuador,IMBABURA,CANTÒN IBARRA,LA ESPERANZA,100154
100155,Ecuador,IMBABURA,CANTÒN IBARRA,LITA,100155
100156,Ecuador,IMBABURA,CANTÒN IBARRA,SALINAS,100156
100157,Ecuador,IMBABURA,CANTÒN IBARRA,SAN ANTONIO,100157
100201,Ecuador,IMBABURA,CANTÒN ANTONIO ANTE,ANDRADE MARÍN (LOURDES),100201
100202,Ecuador,IMBABURA,CANTÒN ANTONIO ANTE,ATUNTAQUI,100202
100250,Ecuador,IMBABURA,CANTÒN ANTONIO ANTE,ATUNTAQUI,100250
100251,Ecuador,IMBABURA,CANTÒN ANTONIO ANTE,IMBAYA (SAN LUIS DE COBUENDO),100251
100252,Ecuador,IMBABURA,CANTÒN ANTONIO ANTE,SAN FRANCISCO DE NATABUELA,100252
100253,Ecuador,IMBABURA,CANTÒN ANTONIO ANTE,SAN JOSÉ DE CHALTURA,100253
100254,Ecuador,IMBABURA,CANTÒN ANTONIO ANTE,SAN ROQUE,100254
100301,Ecuador,IMBABURA,COTACACHI,SAGRARIO,100301
100302,Ecuador,IMBABURA,COTACACHI,SAN FRANCISCO,100302
100350,Ecuador,IMBABURA,COTACACHI,COTACACHI,100350
100351,Ecuador,IMBABURA,COTACACHI,APUELA,100351
100352,Ecuador,IMBABURA,COTACACHI,GARCÍA MORENO (LLURIMAGUA),100352
100353,Ecuador,IMBABURA,COTACACHI,IMANTAG,100353
100354,Ecuador,IMBABURA,COTACACHI,PEÑAHERRERA,100354
100355,Ecuador,IMBABURA,COTACACHI,PLAZA GUTIÉRREZ (CALVARIO),100355
100356,Ecuador,IMBABURA,COTACACHI,QUIROGA,100356
100357,Ecuador,IMBABURA,COTACACHI,6 DE JULIO DE CUELLAJE (CAB. EN CUELLAJE),100357
100358,Ecuador,IMBABURA,COTACACHI,VACAS GALINDO (EL CHURO) (CAB.EN SAN MIGUEL ALTO),100358
100401,Ecuador,IMBABURA,OTAVALO,JORDÁN,100401
100402,Ecuador,IMBABURA,OTAVALO,SAN LUIS,100402
100450,Ecuador,IMBABURA,OTAVALO,OTAVALO,100450
100451,Ecuador,IMBABURA,OTAVALO,DR. MIGUEL EGAS CABEZAS (PEGUCHE),100451
100452,Ecuador,IMBABURA,OTAVALO,EUGENIO ESPEJO (CALPAQUÍ),100452
100453,Ecuador,IMBABURA,OTAVALO,GONZÁLEZ SUÁREZ,100453
100454,Ecuador,IMBABURA,OTAVALO,PATAQUÍ,100454
100455,Ecuador,IMBABURA,OTAVALO,SAN JOSÉ DE QUICHINCHE,100455
100456,Ecuador,IMBABURA,OTAVALO,SAN JUAN DE ILUMÁN,100456
100457,Ecuador,IMBABURA,OTAVALO,SAN PABLO,100457
100458,Ecuador,IMBABURA,OTAVALO,SAN RAFAEL,100458
100459,Ecuador,IMBABURA,OTAVALO,SELVA ALEGRE (CAB.EN SAN MIGUEL DE PAMPLONA),100459
100550,Ecuador,IMBABURA,PIMAMPIRO,PIMAMPIRO,100550
100551,Ecuador,IMBABURA,PIMAMPIRO,CHUGÁ,100551
100552,Ecuador,IMBABURA,PIMAMPIRO,MARIANO ACOSTA,100552
100553,Ecuador,IMBABURA,PIMAMPIRO,SAN FRANCISCO DE SIGSIPAMBA,100553
100650,Ecuador,IMBABURA,SAN MIGUEL DE URCUQUÍ,URCUQUÍ,100650
100651,Ecuador,IMBABURA,SAN MIGUEL DE URCUQUÍ,CAHUASQUÍ,100651
100652,Ecuador,IMBABURA,SAN MIGUEL DE URCUQUÍ,LA MERCED DE BUENOS AIRES,100652
100653,Ecuador,IMBABURA,SAN MIGUEL DE URCUQUÍ,PABLO ARENAS,100653
100654,Ecuador,IMBABURA,SAN MIGUEL DE URCUQUÍ,SAN BLAS,100654
100655,Ecuador,IMBABURA,SAN MIGUEL DE URCUQUÍ,TUMBABIRO,100655
110101,Ecuador,LOJA,LOJA,EL SAGRARIO,110101
110102,Ecuador,LOJA,LOJA,SAN SEBASTIÁN,110102
110103,Ecuador,LOJA,LOJA,SUCRE,110103
110104,Ecuador,LOJA,LOJA,VALLE,110104
110150,Ecuador,LOJA,LOJA,LOJA,110150
110151,Ecuador,LOJA,LOJA,CHANTACO,110151
110152,Ecuador,LOJA,LOJA,CHUQUIRIBAMBA,110152
110153,Ecuador,LOJA,LOJA,EL CISNE,110153
110154,Ecuador,LOJA,LOJA,GUALEL,110154
110155,Ecuador,LOJA,LOJA,JIMBILLA,110155
110156,Ecuador,LOJA,LOJA,MALACATOS (VALLADOLID),110156
110157,Ecuador,LOJA,LOJA,SAN LUCAS,110157
110158,Ecuador,LOJA,LOJA,SAN PEDRO DE VILCABAMBA,110158
110159,Ecuador,LOJA,LOJA,SANTIAGO,110159
110160,Ecuador,LOJA,LOJA,TAQUIL (MIGUEL RIOFRÍO),110160
110161,Ecuador,LOJA,LOJA,VILCABAMBA (VICTORIA),110161
110162,Ecuador,LOJA,LOJA,YANGANA (ARSENIO CASTILLO),110162
110163,Ecuador,LOJA,LOJA,QUINARA,110163
110201,Ecuador,LOJA,CALVAS,CARIAMANGA,110201
110202,Ecuador,LOJA,CALVAS,CHILE,110202
110203,Ecuador,LOJA,CALVAS,SAN VICENTE,110203
110250,Ecuador,LOJA,CALVAS,CARIAMANGA,110250
110251,Ecuador,LOJA,CALVAS,COLAISACA,110251
110252,Ecuador,LOJA,CALVAS,EL LUCERO,110252
110253,Ecuador,LOJA,CALVAS,UTUANA,110253
110254,Ecuador,LOJA,CALVAS,SANGUILLÍN,110254
110301,Ecuador,LOJA,CATAMAYO,CATAMAYO,110301
110302,Ecuador,LOJA,CATAMAYO,SAN JOSÉ,110302
110350,Ecuador,LOJA,CATAMAYO,CATAMAYO (LA TOMA),110350
110351,Ecuador,LOJA,CATAMAYO,EL TAMBO,110351
110352,Ecuador,LOJA,CATAMAYO,GUAYQUICHUMA,110352
110353,Ecuador,LOJA,CATAMAYO,SAN PEDRO DE LA BENDITA,110353
110354,Ecuador,LOJA,CATAMAYO,ZAMBI,110354
110450,Ecuador,LOJA,CELICA,CELICA,110450
110451,Ecuador,LOJA,CELICA,CRUZPAMBA (CAB. EN CARLOS BUSTAMANTE),110451
110452,Ecuador,LOJA,CELICA,CHAQUINAL,110452
110453,Ecuador,LOJA,CELICA,12 DE DICIEMBRE (CAB. EN ACHIOTES),110453
110454,Ecuador,LOJA,CELICA,PINDAL (FEDERICO PÁEZ),110454
110455,Ecuador,LOJA,CELICA,POZUL (SAN JUAN DE POZUL),110455
110456,Ecuador,LOJA,CELICA,SABANILLA,110456
110457,Ecuador,LOJA,CELICA,TNTE. MAXIMILIANO RODRÍGUEZ LOAIZA,110457
110550,Ecuador,LOJA,CHAGUARPAMBA,CHAGUARPAMBA,110550
110551,Ecuador,LOJA,CHAGUARPAMBA,BUENAVISTA,110551
110552,Ecuador,LOJA,CHAGUARPAMBA,EL ROSARIO,110552
110553,Ecuador,LOJA,CHAGUARPAMBA,SANTA RUFINA,110553
110554,Ecuador,LOJA,CHAGUARPAMBA,AMARILLOS,110554
110650,Ecuador,LOJA,ESPÍNDOLA,AMALUZA,110650
110651,Ecuador,LOJA,ESPÍNDOLA,BELLAVISTA,110651
110652,Ecuador,LOJA,ESPÍNDOLA,JIMBURA,110652
110653,Ecuador,LOJA,ESPÍNDOLA,SANTA TERESITA,110653
110654,Ecuador,LOJA,ESPÍNDOLA,27 DE ABRIL (CAB. EN LA NARANJA),110654
110655,Ecuador,LOJA,ESPÍNDOLA,EL INGENIO,110655
110656,Ecuador,LOJA,ESPÍNDOLA,EL AIRO,110656
110750,Ecuador,LOJA,GONZANAMÁ,GONZANAMÁ,110750
110751,Ecuador,LOJA,GONZANAMÁ,CHANGAIMINA (LA LIBERTAD),110751
110752,Ecuador,LOJA,GONZANAMÁ,FUNDOCHAMBA,110752
110753,Ecuador,LOJA,GONZANAMÁ,NAMBACOLA,110753
110754,Ecuador,LOJA,GONZANAMÁ,PURUNUMA (EGUIGUREN),110754
110755,Ecuador,LOJA,GONZANAMÁ,QUILANGA (LA PAZ),110755
110756,Ecuador,LOJA,GONZANAMÁ,SACAPALCA,110756
110757,Ecuador,LOJA,GONZANAMÁ,SAN ANTONIO DE LAS ARADAS (CAB. EN LAS ARADAS),110757
110801,Ecuador,LOJA,MACARÁ,GENERAL ELOY ALFARO (SAN SEBASTIÁN),110801
110802,Ecuador,LOJA,MACARÁ,MACARÁ (MANUEL ENRIQUE RENGEL SUQUILANDA),110802
110850,Ecuador,LOJA,MACARÁ,MACARÁ,110850
110851,Ecuador,LOJA,MACARÁ,LARAMA,110851
110852,Ecuador,LOJA,MACARÁ,LA VICTORIA,110852
110853,Ecuador,LOJA,MACARÁ,SABIANGO (LA CAPILLA),110853
110901,Ecuador,LOJA,PALTAS,CATACOCHA,110901
110902,Ecuador,LOJA,PALTAS,LOURDES,110902
110950,Ecuador,LOJA,PALTAS,CATACOCHA,110950
110951,Ecuador,LOJA,PALTAS,CANGONAMÁ,110951
110952,Ecuador,LOJA,PALTAS,GUACHANAMÁ,110952
110953,Ecuador,LOJA,PALTAS,LA TINGUE,110953
110954,Ecuador,LOJA,PALTAS,LAURO GUERRERO,110954
110955,Ecuador,LOJA,PALTAS,OLMEDO (SANTA BÁRBARA),110955
110956,Ecuador,LOJA,PALTAS,ORIANGA,110956
110957,Ecuador,LOJA,PALTAS,SAN ANTONIO,110957
110958,Ecuador,LOJA,PALTAS,CASANGA,110958
110959,Ecuador,LOJA,PALTAS,YAMANA,110959
111050,Ecuador,LOJA,PUYANGO,ALAMOR,111050
111051,Ecuador,LOJA,PUYANGO,CIANO,111051
111052,Ecuador,LOJA,PUYANGO,EL ARENAL,111052
111053,Ecuador,LOJA,PUYANGO,EL LIMO (MARIANA DE JESÚS),111053
111054,Ecuador,LOJA,PUYANGO,MERCADILLO,111054
111055,Ecuador,LOJA,PUYANGO,VICENTINO,111055
111150,Ecuador,LOJA,SARAGURO,SARAGURO,111150
111151,Ecuador,LOJA,SARAGURO,EL PARAÍSO DE CELÉN,111151
111152,Ecuador,LOJA,SARAGURO,EL TABLÓN,111152
111153,Ecuador,LOJA,SARAGURO,LLUZHAPA,111153
111154,Ecuador,LOJA,SARAGURO,MANÚ,111154
111155,Ecuador,LOJA,SARAGURO,SAN ANTONIO DE QUMBE (CUMBE),111155
111156,Ecuador,LOJA,SARAGURO,SAN PABLO DE TENTA,111156
111157,Ecuador,LOJA,SARAGURO,SAN SEBASTIÁN DE YÚLUC,111157
111158,Ecuador,LOJA,SARAGURO,SELVA ALEGRE,111158
111159,Ecuador,LOJA,SARAGURO,URDANETA (PAQUISHAPA),111159
111160,Ecuador,LOJA,SARAGURO,SUMAYPAMBA,111160
111250,Ecuador,LOJA,SOZORANGA,SOZORANGA,111250
111251,Ecuador,LOJA,SOZORANGA,NUEVA FÁTIMA,111251
111252,Ecuador,LOJA,SOZORANGA,TACAMOROS,111252
111350,Ecuador,LOJA,ZAPOTILLO,ZAPOTILLO,111350
111351,Ecuador,LOJA,ZAPOTILLO,MANGAHURCO,111351
111352,Ecuador,LOJA,ZAPOTILLO,GARZAREAL,111352
111353,Ecuador,LOJA,ZAPOTILLO,LIMONES,111353
111354,Ecuador,LOJA,ZAPOTILLO,PALETILLAS,111354
111355,Ecuador,LOJA,ZAPOTILLO,BOLASPAMBA,111355
111356,Ecuador,LOJA,ZAPOTILLO,CAZADEROS,111356
111450,Ecuador,LOJA,PINDAL,PINDAL,111450
111451,Ecuador,LOJA,PINDAL,CHAQUINAL,111451
111452,Ecuador,LOJA,PINDAL,12 DE DICIEMBRE (CAB.EN ACHIOTES),111452
111453,Ecuador,LOJA,PINDAL,MILAGROS,111453
111550,Ecuador,LOJA,QUILANGA,QUILANGA,111550
111551,Ecuador,LOJA,QUILANGA,FUNDOCHAMBA,111551
111552,Ecuador,LOJA,QUILANGA,SAN ANTONIO DE LAS ARADAS (CAB. EN LAS ARADAS),111552
111650,Ecuador,LOJA,OLMEDO,OLMEDO,111650
111651,Ecuador,LOJA,OLMEDO,LA TINGUE,111651
120101,Ecuador,LOS RÍOS,BABAHOYO,CLEMENTE BAQUERIZO,120101
120102,Ecuador,LOS RÍOS,BABAHOYO,DR. CAMILO PONCE,120102
120103,Ecuador,LOS RÍOS,BABAHOYO,BARREIRO,120103
120104,Ecuador,LOS RÍOS,BABAHOYO,EL SALTO,120104
120150,Ecuador,LOS RÍOS,BABAHOYO,BABAHOYO,120150
120151,Ecuador,LOS RÍOS,BABAHOYO,BARREIRO (SANTA RITA),120151
120152,Ecuador,LOS RÍOS,BABAHOYO,CARACOL,120152
120153,Ecuador,LOS RÍOS,BABAHOYO,FEBRES CORDERO (LAS JUNTAS),120153
120154,Ecuador,LOS RÍOS,BABAHOYO,PIMOCHA,120154
120155,Ecuador,LOS RÍOS,BABAHOYO,LA UNIÓN,120155
120250,Ecuador,LOS RÍOS,BABA,BABA,120250
120251,Ecuador,LOS RÍOS,BABA,GUARE,120251
120252,Ecuador,LOS RÍOS,BABA,ISLA DE BEJUCAL,120252
120350,Ecuador,LOS RÍOS,MONTALVO,MONTALVO,120350
120351,Ecuador,LOS RÍOS,MONTALVO,LA ESMERALDA,120351
120450,Ecuador,LOS RÍOS,PUEBLOVIEJO,PUEBLOVIEJO,120450
120451,Ecuador,LOS RÍOS,PUEBLOVIEJO,PUERTO PECHICHE,120451
120452,Ecuador,LOS RÍOS,PUEBLOVIEJO,SAN JUAN,120452
120501,Ecuador,LOS RÍOS,QUEVEDO,QUEVEDO,120501
120502,Ecuador,LOS RÍOS,QUEVEDO,SAN CAMILO,120502
120503,Ecuador,LOS RÍOS,QUEVEDO,SAN JOSÉ,120503
120504,Ecuador,LOS RÍOS,QUEVEDO,GUAYACÁN,120504
120505,Ecuador,LOS RÍOS,QUEVEDO,NICOLÁS INFANTE DÍAZ,120505
120506,Ecuador,LOS RÍOS,QUEVEDO,SAN CRISTÓBAL,120506
120507,Ecuador,LOS RÍOS,QUEVEDO,SIETE DE OCTUBRE,120507
120508,Ecuador,LOS RÍOS,QUEVEDO,24 DE MAYO,120508
120509,Ecuador,LOS RÍOS,QUEVEDO,VENUS DEL RÍO QUEVEDO,120509
120510,Ecuador,LOS RÍOS,QUEVEDO,VIVA ALFARO,120510
120550,Ecuador,LOS RÍOS,QUEVEDO,QUEVEDO,120550
120551,Ecuador,LOS RÍOS,QUEVEDO,BUENA FÉ,120551
120552,Ecuador,LOS RÍOS,QUEVEDO,MOCACHE,120552
120553,Ecuador,LOS RÍOS,QUEVEDO,SAN CARLOS,120553
120554,Ecuador,LOS RÍOS,QUEVEDO,VALENCIA,120554
120555,Ecuador,LOS RÍOS,QUEVEDO,LA ESPERANZA,120555
120650,Ecuador,LOS RÍOS,URDANETA,CATARAMA,120650
120651,Ecuador,LOS RÍOS,URDANETA,RICAURTE,120651
120701,Ecuador,LOS RÍOS,VENTANAS,10 DE NOVIEMBRE,120701
120750,Ecuador,LOS RÍOS,VENTANAS,VENTANAS,120750
120751,Ecuador,LOS RÍOS,VENTANAS,QUINSALOMA,120751
120752,Ecuador,LOS RÍOS,VENTANAS,ZAPOTAL,120752
120753,Ecuador,LOS RÍOS,VENTANAS,CHACARITA,120753
120754,Ecuador,LOS RÍOS,VENTANAS,LOS ÁNGELES,120754
120850,Ecuador,LOS RÍOS,VÍNCES,VINCES,120850
120851,Ecuador,LOS RÍOS,VÍNCES,ANTONIO SOTOMAYOR (CAB. EN PLAYAS DE VINCES),120851
120852,Ecuador,LOS RÍOS,VÍNCES,PALENQUE,120852
120950,Ecuador,LOS RÍOS,PALENQUE,PALENQUE,120950
121001,Ecuador,LOS RÍOS,BUENA FÉ,SAN JACINTO DE BUENA FÉ,121001
121002,Ecuador,LOS RÍOS,BUENA FÉ,7 DE AGOSTO,121002
121003,Ecuador,LOS RÍOS,BUENA FÉ,11 DE OCTUBRE,121003
121050,Ecuador,LOS RÍOS,BUENA FÉ,SAN JACINTO DE BUENA FÉ,121050
121051,Ecuador,LOS RÍOS,BUENA FÉ,PATRICIA PILAR,121051
121150,Ecuador,LOS RÍOS,VALENCIA,VALENCIA,121150
121250,Ecuador,LOS RÍOS,MOCACHE,MOCACHE,121250
121350,Ecuador,LOS RÍOS,QUINSALOMA,QUINSALOMA,121350
130101,Ecuador,MANABÍ,PORTOVIEJO,PORTOVIEJO,130101
130102,Ecuador,MANABÍ,PORTOVIEJO,12 DE MARZO,130102
130103,Ecuador,MANABÍ,PORTOVIEJO,COLÓN,130103
130104,Ecuador,MANABÍ,PORTOVIEJO,PICOAZÁ,130104
130105,Ecuador,MANABÍ,PORTOVIEJO,SAN PABLO,130105
130106,Ecuador,MANABÍ,PORTOVIEJO,ANDRÉS DE VERA,130106
130107,Ecuador,MANABÍ,PORTOVIEJO,FRANCISCO PACHECO,130107
130108,Ecuador,MANABÍ,PORTOVIEJO,18 DE OCTUBRE,130108
130109,Ecuador,MANABÍ,PORTOVIEJO,SIMÓN BOLÍVAR,130109
130150,Ecuador,MANABÍ,PORTOVIEJO,PORTOVIEJO,130150
130151,Ecuador,MANABÍ,PORTOVIEJO,ABDÓN CALDERÓN (SAN FRANCISCO),130151
130152,Ecuador,MANABÍ,PORTOVIEJO,ALHAJUELA (BAJO GRANDE),130152
130153,Ecuador,MANABÍ,PORTOVIEJO,CRUCITA,130153
130154,Ecuador,MANABÍ,PORTOVIEJO,PUEBLO NUEVO,130154
130155,Ecuador,MANABÍ,PORTOVIEJO,RIOCHICO (RÍO CHICO),130155
130156,Ecuador,MANABÍ,PORTOVIEJO,SAN PLÁCIDO,130156
130157,Ecuador,MANABÍ,PORTOVIEJO,CHIRIJOS,130157
130250,Ecuador,MANABÍ,BOLÍVAR,CALCETA,130250
130251,Ecuador,MANABÍ,BOLÍVAR,MEMBRILLO,130251
130252,Ecuador,MANABÍ,BOLÍVAR,QUIROGA,130252
130301,Ecuador,MANABÍ,CHONE,CHONE,130301
130302,Ecuador,MANABÍ,CHONE,SANTA RITA,130302
130350,Ecuador,MANABÍ,CHONE,CHONE,130350
130351,Ecuador,MANABÍ,CHONE,BOYACÁ,130351
130352,Ecuador,MANABÍ,CHONE,CANUTO,130352
130353,Ecuador,MANABÍ,CHONE,CONVENTO,130353
130354,Ecuador,MANABÍ,CHONE,CHIBUNGA,130354
130355,Ecuador,MANABÍ,CHONE,ELOY ALFARO,130355
130356,Ecuador,MANABÍ,CHONE,RICAURTE,130356
130357,Ecuador,MANABÍ,CHONE,SAN ANTONIO,130357
130401,Ecuador,MANABÍ,EL CARMEN,EL CARMEN,130401
130402,Ecuador,MANABÍ,EL CARMEN,4 DE DICIEMBRE,130402
130450,Ecuador,MANABÍ,EL CARMEN,EL CARMEN,130450
130451,Ecuador,MANABÍ,EL CARMEN,WILFRIDO LOOR MOREIRA (MAICITO),130451
130452,Ecuador,MANABÍ,EL CARMEN,SAN PEDRO DE SUMA,130452
130550,Ecuador,MANABÍ,FLAVIO ALFARO,FLAVIO ALFARO,130550
130551,Ecuador,MANABÍ,FLAVIO ALFARO,SAN FRANCISCO DE NOVILLO (CAB. EN,130551
130552,Ecuador,MANABÍ,FLAVIO ALFARO,ZAPALLO,130552
130601,Ecuador,MANABÍ,JIPIJAPA,DR. MIGUEL MORÁN LUCIO,130601
130602,Ecuador,MANABÍ,JIPIJAPA,MANUEL INOCENCIO PARRALES Y GUALE,130602
130603,Ecuador,MANABÍ,JIPIJAPA,SAN LORENZO DE JIPIJAPA,130603
130650,Ecuador,MANABÍ,JIPIJAPA,JIPIJAPA,130650
130651,Ecuador,MANABÍ,JIPIJAPA,AMÉRICA,130651
130652,Ecuador,MANABÍ,JIPIJAPA,EL ANEGADO (CAB. EN ELOY ALFARO),130652
130653,Ecuador,MANABÍ,JIPIJAPA,JULCUY,130653
130654,Ecuador,MANABÍ,JIPIJAPA,LA UNIÓN,130654
130655,Ecuador,MANABÍ,JIPIJAPA,MACHALILLA,130655
130656,Ecuador,MANABÍ,JIPIJAPA,MEMBRILLAL,130656
130657,Ecuador,MANABÍ,JIPIJAPA,PEDRO PABLO GÓMEZ,130657
130658,Ecuador,MANABÍ,JIPIJAPA,PUERTO DE CAYO,130658
130659,Ecuador,MANABÍ,JIPIJAPA,PUERTO LÓPEZ,130659
130750,Ecuador,MANABÍ,JUNÍN,JUNÍN,130750
130801,Ecuador,MANABÍ,MANTA,LOS ESTEROS,130801
130802,Ecuador,MANABÍ,MANTA,MANTA,130802
130803,Ecuador,MANABÍ,MANTA,SAN MATEO,130803
130804,Ecuador,MANABÍ,MANTA,TARQUI,130804
130805,Ecuador,MANABÍ,MANTA,ELOY ALFARO,130805
130850,Ecuador,MANABÍ,MANTA,MANTA,130850
130851,Ecuador,MANABÍ,MANTA,SAN LORENZO,130851
130852,Ecuador,MANABÍ,MANTA,SANTA MARIANITA (BOCA DE PACOCHE),130852
130901,Ecuador,MANABÍ,MONTECRISTI,ANIBAL SAN ANDRÉS,130901
130902,Ecuador,MANABÍ,MONTECRISTI,MONTECRISTI,130902
130903,Ecuador,MANABÍ,MONTECRISTI,EL COLORADO,130903
130904,Ecuador,MANABÍ,MONTECRISTI,GENERAL ELOY ALFARO,130904
130905,Ecuador,MANABÍ,MONTECRISTI,LEONIDAS PROAÑO,130905
130950,Ecuador,MANABÍ,MONTECRISTI,MONTECRISTI,130950
130951,Ecuador,MANABÍ,MONTECRISTI,JARAMIJÓ,130951
130952,Ecuador,MANABÍ,MONTECRISTI,LA PILA,130952
131050,Ecuador,MANABÍ,PAJÁN,PAJÁN,131050
131051,Ecuador,MANABÍ,PAJÁN,CAMPOZANO (LA PALMA DE PAJÁN),131051
131052,Ecuador,MANABÍ,PAJÁN,CASCOL,131052
131053,Ecuador,MANABÍ,PAJÁN,GUALE,131053
131054,Ecuador,MANABÍ,PAJÁN,LASCANO,131054
131150,Ecuador,MANABÍ,PICHINCHA,PICHINCHA,131150
131151,Ecuador,MANABÍ,PICHINCHA,BARRAGANETE,131151
131152,Ecuador,MANABÍ,PICHINCHA,SAN SEBASTIÁN,131152
131250,Ecuador,MANABÍ,ROCAFUERTE,ROCAFUERTE,131250
131301,Ecuador,MANABÍ,SANTA ANA,SANTA ANA,131301
131302,Ecuador,MANABÍ,SANTA ANA,LODANA,131302
131350,Ecuador,MANABÍ,SANTA ANA,SANTA ANA DE VUELTA LARGA,131350
131351,Ecuador,MANABÍ,SANTA ANA,AYACUCHO,131351
131352,Ecuador,MANABÍ,SANTA ANA,HONORATO VÁSQUEZ (CAB. EN VÁSQUEZ),131352
131353,Ecuador,MANABÍ,SANTA ANA,LA UNIÓN,131353
131354,Ecuador,MANABÍ,SANTA ANA,OLMEDO,131354
131355,Ecuador,MANABÍ,SANTA ANA,SAN PABLO (CAB. EN PUEBLO NUEVO),131355
131401,Ecuador,MANABÍ,SUCRE,BAHÍA DE CARÁQUEZ,131401
131402,Ecuador,MANABÍ,SUCRE,LEONIDAS PLAZA GUTIÉRREZ,131402
131450,Ecuador,MANABÍ,SUCRE,BAHÍA DE CARÁQUEZ,131450
131451,Ecuador,MANABÍ,SUCRE,CANOA,131451
131452,Ecuador,MANABÍ,SUCRE,COJIMÍES,131452
131453,Ecuador,MANABÍ,SUCRE,CHARAPOTÓ,131453
131454,Ecuador,MANABÍ,SUCRE,10 DE AGOSTO,131454
131455,Ecuador,MANABÍ,SUCRE,JAMA,131455
131456,Ecuador,MANABÍ,SUCRE,PEDERNALES,131456
131457,Ecuador,MANABÍ,SUCRE,SAN ISIDRO,131457
131458,Ecuador,MANABÍ,SUCRE,SAN VICENTE,131458
131550,Ecuador,MANABÍ,TOSAGUA,TOSAGUA,131550
131551,Ecuador,MANABÍ,TOSAGUA,BACHILLERO,131551
131552,Ecuador,MANABÍ,TOSAGUA,ANGEL PEDRO GILER (LA ESTANCILLA),131552
131650,Ecuador,MANABÍ,24 DE MAYO,SUCRE,131650
131651,Ecuador,MANABÍ,24 DE MAYO,BELLAVISTA,131651
131652,Ecuador,MANABÍ,24 DE MAYO,NOBOA,131652
131653,Ecuador,MANABÍ,24 DE MAYO,ARQ. SIXTO DURÁN BALLÉN,131653
131750,Ecuador,MANABÍ,PEDERNALES,PEDERNALES,131750
131751,Ecuador,MANABÍ,PEDERNALES,COJIMÍES,131751
131752,Ecuador,MANABÍ,PEDERNALES,10 DE AGOSTO,131752
131753,Ecuador,MANABÍ,PEDERNALES,ATAHUALPA,131753
131850,Ecuador,MANABÍ,OLMEDO,OLMEDO,131850
131950,Ecuador,MANABÍ,PUERTO LÓPEZ,PUERTO LÓPEZ,131950
131951,Ecuador,MANABÍ,PUERTO LÓPEZ,MACHALILLA,131951
131952,Ecuador,MANABÍ,PUERTO LÓPEZ,SALANGO,131952
132050,Ecuador,MANABÍ,JAMA,JAMA,132050
132150,Ecuador,MANABÍ,JARAMIJÓ,JARAMIJÓ,132150
132250,Ecuador,MANABÍ,SAN VICENTE,SAN VICENTE,132250
132251,Ecuador,MANABÍ,SAN VICENTE,CANOA,132251
140150,Ecuador,MORONA SANTIAGO,MORONA,MACAS,140150
140151,Ecuador,MORONA SANTIAGO,MORONA,ALSHI (CAB. EN 9 DE OCTUBRE),140151
140152,Ecuador,MORONA SANTIAGO,MORONA,CHIGUAZA,140152
140153,Ecuador,MORONA SANTIAGO,MORONA,GENERAL PROAÑO,140153
140154,Ecuador,MORONA SANTIAGO,MORONA,HUASAGA (CAB.EN WAMPUIK),140154
140155,Ecuador,MORONA SANTIAGO,MORONA,MACUMA,140155
140156,Ecuador,MORONA SANTIAGO,MORONA,SAN ISIDRO,140156
140157,Ecuador,MORONA SANTIAGO,MORONA,SEVILLA DON BOSCO,140157
140158,Ecuador,MORONA SANTIAGO,MORONA,SINAÍ,140158
140159,Ecuador,MORONA SANTIAGO,MORONA,TAISHA,140159
140160,Ecuador,MORONA SANTIAGO,MORONA,ZUÑA (ZÚÑAC),140160
140161,Ecuador,MORONA SANTIAGO,MORONA,TUUTINENTZA,140161
140162,Ecuador,MORONA SANTIAGO,MORONA,CUCHAENTZA,140162
140163,Ecuador,MORONA SANTIAGO,MORONA,SAN JOSÉ DE MORONA,140163
140164,Ecuador,MORONA SANTIAGO,MORONA,RÍO BLANCO,140164
140201,Ecuador,MORONA SANTIAGO,GUALAQUIZA,GUALAQUIZA,140201
140202,Ecuador,MORONA SANTIAGO,GUALAQUIZA,MERCEDES MOLINA,140202
140250,Ecuador,MORONA SANTIAGO,GUALAQUIZA,GUALAQUIZA,140250
140251,Ecuador,MORONA SANTIAGO,GUALAQUIZA,AMAZONAS (ROSARIO DE CUYES),140251
140252,Ecuador,MORONA SANTIAGO,GUALAQUIZA,BERMEJOS,140252
140253,Ecuador,MORONA SANTIAGO,GUALAQUIZA,BOMBOIZA,140253
140254,Ecuador,MORONA SANTIAGO,GUALAQUIZA,CHIGÜINDA,140254
140255,Ecuador,MORONA SANTIAGO,GUALAQUIZA,EL ROSARIO,140255
140256,Ecuador,MORONA SANTIAGO,GUALAQUIZA,NUEVA TARQUI,140256
140257,Ecuador,MORONA SANTIAGO,GUALAQUIZA,SAN MIGUEL DE CUYES,140257
140258,Ecuador,MORONA SANTIAGO,GUALAQUIZA,EL IDEAL,140258
140350,Ecuador,MORONA SANTIAGO,LIMÓN INDANZA,GENERAL LEONIDAS PLAZA GUTIÉRREZ (LIMÓN),140350
140351,Ecuador,MORONA SANTIAGO,LIMÓN INDANZA,INDANZA,140351
140352,Ecuador,MORONA SANTIAGO,LIMÓN INDANZA,PAN DE AZÚCAR,140352
140353,Ecuador,MORONA SANTIAGO,LIMÓN INDANZA,SAN ANTONIO (CAB. EN SAN ANTONIO CENTRO),140353
140354,Ecuador,MORONA SANTIAGO,LIMÓN INDANZA,SAN CARLOS DE LIMÓN (SAN CARLOS DEL,140354
140355,Ecuador,MORONA SANTIAGO,LIMÓN INDANZA,SAN JUAN BOSCO,140355
140356,Ecuador,MORONA SANTIAGO,LIMÓN INDANZA,SAN MIGUEL DE CONCHAY,140356
140357,Ecuador,MORONA SANTIAGO,LIMÓN INDANZA,SANTA SUSANA DE CHIVIAZA (CAB. EN CHIVIAZA),140357
140358,Ecuador,MORONA SANTIAGO,LIMÓN INDANZA,YUNGANZA (CAB. EN EL ROSARIO),140358
140450,Ecuador,MORONA SANTIAGO,PALORA,PALORA (METZERA),140450
140451,Ecuador,MORONA SANTIAGO,PALORA,ARAPICOS,140451
140452,Ecuador,MORONA SANTIAGO,PALORA,CUMANDÁ (CAB. EN COLONIA AGRÍCOLA SEVILLA DEL ORO),140452
140453,Ecuador,MORONA SANTIAGO,PALORA,HUAMBOYA,140453
140454,Ecuador,MORONA SANTIAGO,PALORA,SANGAY (CAB. EN NAYAMANACA),140454
140455,Ecuador,MORONA SANTIAGO,PALORA,16 DE AGOSTO,140455
140550,Ecuador,MORONA SANTIAGO,SANTIAGO,SANTIAGO DE MÉNDEZ,140550
140551,Ecuador,MORONA SANTIAGO,SANTIAGO,COPAL,140551
140552,Ecuador,MORONA SANTIAGO,SANTIAGO,CHUPIANZA,140552
140553,Ecuador,MORONA SANTIAGO,SANTIAGO,PATUCA,140553
140554,Ecuador,MORONA SANTIAGO,SANTIAGO,SAN LUIS DE EL ACHO (CAB. EN EL ACHO),140554
140555,Ecuador,MORONA SANTIAGO,SANTIAGO,SANTIAGO,140555
140556,Ecuador,MORONA SANTIAGO,SANTIAGO,TAYUZA,140556
140557,Ecuador,MORONA SANTIAGO,SANTIAGO,SAN FRANCISCO DE CHINIMBIMI,140557
140650,Ecuador,MORONA SANTIAGO,SUCÚA,SUCÚA,140650
140651,Ecuador,MORONA SANTIAGO,SUCÚA,ASUNCIÓN,140651
140652,Ecuador,MORONA SANTIAGO,SUCÚA,HUAMBI,140652
140653,Ecuador,MORONA SANTIAGO,SUCÚA,LOGROÑO,140653
140654,Ecuador,MORONA SANTIAGO,SUCÚA,YAUPI,140654
140655,Ecuador,MORONA SANTIAGO,SUCÚA,SANTA MARIANITA DE JESÚS,140655
140750,Ecuador,MORONA SANTIAGO,HUAMBOYA,HUAMBOYA,140750
140751,Ecuador,MORONA SANTIAGO,HUAMBOYA,CHIGUAZA,140751
140752,Ecuador,MORONA SANTIAGO,HUAMBOYA,PABLO SEXTO,140752
140850,Ecuador,MORONA SANTIAGO,SAN JUAN BOSCO,SAN JUAN BOSCO,140850
140851,Ecuador,MORONA SANTIAGO,SAN JUAN BOSCO,PAN DE AZÚCAR,140851
140852,Ecuador,MORONA SANTIAGO,SAN JUAN BOSCO,SAN CARLOS DE LIMÓN,140852
140853,Ecuador,MORONA SANTIAGO,SAN JUAN BOSCO,SAN JACINTO DE WAKAMBEIS,140853
140854,Ecuador,MORONA SANTIAGO,SAN JUAN BOSCO,SANTIAGO DE PANANZA,140854
140950,Ecuador,MORONA SANTIAGO,TAISHA,TAISHA,140950
140951,Ecuador,MORONA SANTIAGO,TAISHA,HUASAGA (CAB. EN WAMPUIK),140951
140952,Ecuador,MORONA SANTIAGO,TAISHA,MACUMA,140952
140953,Ecuador,MORONA SANTIAGO,TAISHA,TUUTINENTZA,140953
140954,Ecuador,MORONA SANTIAGO,TAISHA,PUMPUENTSA,140954
141050,Ecuador,MORONA SANTIAGO,LOGROÑO,LOGROÑO,141050
141051,Ecuador,MORONA SANTIAGO,LOGROÑO,YAUPI,141051
141052,Ecuador,MORONA SANTIAGO,LOGROÑO,SHIMPIS,141052
141150,Ecuador,MORONA SANTIAGO,PABLO SEXTO,PABLO SEXTO,141150
141250,Ecuador,MORONA SANTIAGO,CANTÒN TIWINTZA,SANTIAGO,141250
141251,Ecuador,MORONA SANTIAGO,CANTÒN TIWINTZA,SAN JOSÉ DE MORONA,141251
150150,Ecuador,NAPO,TENA,TENA,150150
150151,Ecuador,NAPO,TENA,AHUANO,150151
150152,Ecuador,NAPO,TENA,CARLOS JULIO AROSEMENA TOLA (ZATZA-YACU),150152
150153,Ecuador,NAPO,TENA,CHONTAPUNTA,150153
150154,Ecuador,NAPO,TENA,PANO,150154
150155,Ecuador,NAPO,TENA,PUERTO MISAHUALLI,150155
150156,Ecuador,NAPO,TENA,PUERTO NAPO,150156
150157,Ecuador,NAPO,TENA,TÁLAG,150157
150158,Ecuador,NAPO,TENA,SAN JUAN DE MUYUNA,150158
150350,Ecuador,NAPO,ARCHIDONA,ARCHIDONA,150350
150351,Ecuador,NAPO,ARCHIDONA,AVILA,150351
150352,Ecuador,NAPO,ARCHIDONA,COTUNDO,150352
150353,Ecuador,NAPO,ARCHIDONA,LORETO,150353
150354,Ecuador,NAPO,ARCHIDONA,SAN PABLO DE USHPAYACU,150354
150355,Ecuador,NAPO,ARCHIDONA,PUERTO MURIALDO,150355
150356,Ecuador,NAPO,ARCHIDONA,HATUN SUMAKU,150356
150450,Ecuador,NAPO,EL CHACO,EL CHACO,150450
150451,Ecuador,NAPO,EL CHACO,GONZALO DíAZ DE PINEDA (EL BOMBÓN),150451
150452,Ecuador,NAPO,EL CHACO,LINARES,150452
150453,Ecuador,NAPO,EL CHACO,OYACACHI,150453
150454,Ecuador,NAPO,EL CHACO,SANTA ROSA,150454
150455,Ecuador,NAPO,EL CHACO,SARDINAS,150455
150750,Ecuador,NAPO,QUIJOS,BAEZA,150750
150751,Ecuador,NAPO,QUIJOS,COSANGA,150751
150752,Ecuador,NAPO,QUIJOS,CUYUJA,150752
150753,Ecuador,NAPO,QUIJOS,PAPALLACTA,150753
150754,Ecuador,NAPO,QUIJOS,SAN FRANCISCO DE BORJA (VIRGILIO DÁVILA),150754
150755,Ecuador,NAPO,QUIJOS,SAN JOSÉ DEL PAYAMINO,150755
150756,Ecuador,NAPO,QUIJOS,SUMACO,150756
150950,Ecuador,NAPO,CARLOS JULIO AROSEMENA TOLA,CARLOS JULIO AROSEMENA TOLA,150950
160150,Ecuador,PASTAZA,PASTAZA,PUYO,160150
160151,Ecuador,PASTAZA,PASTAZA,ARAJUNO,160151
160152,Ecuador,PASTAZA,PASTAZA,CANELOS,160152
160153,Ecuador,PASTAZA,PASTAZA,CURARAY,160153
160154,Ecuador,PASTAZA,PASTAZA,DIEZ DE AGOSTO,160154
160155,Ecuador,PASTAZA,PASTAZA,FÁTIMA,160155
160156,Ecuador,PASTAZA,PASTAZA,MONTALVO (ANDOAS),160156
160157,Ecuador,PASTAZA,PASTAZA,POMONA,160157
160158,Ecuador,PASTAZA,PASTAZA,RÍO CORRIENTES,160158
160159,Ecuador,PASTAZA,PASTAZA,RÍO TIGRE,160159
160160,Ecuador,PASTAZA,PASTAZA,SANTA CLARA,160160
160161,Ecuador,PASTAZA,PASTAZA,SARAYACU,160161
160162,Ecuador,PASTAZA,PASTAZA,SIMÓN BOLÍVAR (CAB. EN MUSHULLACTA),160162
160163,Ecuador,PASTAZA,PASTAZA,TARQUI,160163
160164,Ecuador,PASTAZA,PASTAZA,TENIENTE HUGO ORTIZ,160164
160165,Ecuador,PASTAZA,PASTAZA,VERACRUZ (CAB. EN INDILLAMA),160165
160166,Ecuador,PASTAZA,PASTAZA,EL TRIUNFO,160166
160250,Ecuador,PASTAZA,MERA,MERA,160250
160251,Ecuador,PASTAZA,MERA,MADRE TIERRA,160251
160252,Ecuador,PASTAZA,MERA,SHELL,160252
160350,Ecuador,PASTAZA,SANTA CLARA,SANTA CLARA,160350
160351,Ecuador,PASTAZA,SANTA CLARA,SAN JOSÉ,160351
160450,Ecuador,PASTAZA,ARAJUNO,ARAJUNO,160450
160451,Ecuador,PASTAZA,ARAJUNO,CURARAY,160451
170101,Ecuador,PICHINCHA,QUITO,BELISARIO QUEVEDO,170101
170102,Ecuador,PICHINCHA,QUITO,CARCELÉN,170102
170103,Ecuador,PICHINCHA,QUITO,CENTRO HISTÓRICO,170103
170104,Ecuador,PICHINCHA,QUITO,COCHAPAMBA,170104
170105,Ecuador,PICHINCHA,QUITO,COMITÉ DEL PUEBLO,170105
170106,Ecuador,PICHINCHA,QUITO,COTOCOLLAO,170106
170107,Ecuador,PICHINCHA,QUITO,CHILIBULO,170107
170108,Ecuador,PICHINCHA,QUITO,CHILLOGALLO,170108
170109,Ecuador,PICHINCHA,QUITO,CHIMBACALLE,170109
170110,Ecuador,PICHINCHA,QUITO,EL CONDADO,170110
170111,Ecuador,PICHINCHA,QUITO,GUAMANÍ,170111
170112,Ecuador,PICHINCHA,QUITO,IÑAQUITO,170112
170113,Ecuador,PICHINCHA,QUITO,ITCHIMBÍA,170113
170114,Ecuador,PICHINCHA,QUITO,JIPIJAPA,170114
170115,Ecuador,PICHINCHA,QUITO,KENNEDY,170115
170116,Ecuador,PICHINCHA,QUITO,LA ARGELIA,170116
170117,Ecuador,PICHINCHA,QUITO,LA CONCEPCIÓN,170117
170118,Ecuador,PICHINCHA,QUITO,LA ECUATORIANA,170118
170119,Ecuador,PICHINCHA,QUITO,LA FERROVIARIA,170119
170120,Ecuador,PICHINCHA,QUITO,LA LIBERTAD,170120
170121,Ecuador,PICHINCHA,QUITO,LA MAGDALENA,170121
170122,Ecuador,PICHINCHA,QUITO,LA MENA,170122
170123,Ecuador,PICHINCHA,QUITO,MARISCAL SUCRE,170123
170124,Ecuador,PICHINCHA,QUITO,PONCEANO,170124
170125,Ecuador,PICHINCHA,QUITO,PUENGASÍ,170125
170126,Ecuador,PICHINCHA,QUITO,QUITUMBE,170126
170127,Ecuador,PICHINCHA,QUITO,RUMIPAMBA,170127
170128,Ecuador,PICHINCHA,QUITO,SAN BARTOLO,170128
170129,Ecuador,PICHINCHA,QUITO,SAN ISIDRO DEL INCA,170129
170130,Ecuador,PICHINCHA,QUITO,SAN JUAN,170130
170131,Ecuador,PICHINCHA,QUITO,SOLANDA,170131
170132,Ecuador,PICHINCHA,QUITO,TURUBAMBA,170132
170150,Ecuador,PICHINCHA,QUITO,QUITO,170150
170151,Ecuador,PICHINCHA,QUITO,ALANGASÍ,170151
170152,Ecuador,PICHINCHA,QUITO,AMAGUAÑA,170152
170153,Ecuador,PICHINCHA,QUITO,ATAHUALPA (HABASPAMBA),170153
170154,Ecuador,PICHINCHA,QUITO,CALACALÍ,170154
170155,Ecuador,PICHINCHA,QUITO,CALDERÓN (CARAPUNGO),170155
170156,Ecuador,PICHINCHA,QUITO,CONOCOTO,170156
170157,Ecuador,PICHINCHA,QUITO,CUMBAYÁ,170157
170158,Ecuador,PICHINCHA,QUITO,CHAVEZPAMBA,170158
170159,Ecuador,PICHINCHA,QUITO,CHECA (CHILPA),170159
170160,Ecuador,PICHINCHA,QUITO,EL QUINCHE,170160
170161,Ecuador,PICHINCHA,QUITO,GUALEA,170161
170162,Ecuador,PICHINCHA,QUITO,GUANGOPOLO,170162
170163,Ecuador,PICHINCHA,QUITO,GUAYLLABAMBA,170163
170164,Ecuador,PICHINCHA,QUITO,LA MERCED,170164
170165,Ecuador,PICHINCHA,QUITO,LLANO CHICO,170165
170166,Ecuador,PICHINCHA,QUITO,LLOA,170166
170167,Ecuador,PICHINCHA,QUITO,MINDO,170167
170168,Ecuador,PICHINCHA,QUITO,NANEGAL,170168
170169,Ecuador,PICHINCHA,QUITO,NANEGALITO,170169
170170,Ecuador,PICHINCHA,QUITO,NAYÓN,170170
170171,Ecuador,PICHINCHA,QUITO,NONO,170171
170172,Ecuador,PICHINCHA,QUITO,PACTO,170172
170173,Ecuador,PICHINCHA,QUITO,PEDRO VICENTE MALDONADO,170173
170174,Ecuador,PICHINCHA,QUITO,PERUCHO,170174
170175,Ecuador,PICHINCHA,QUITO,PIFO,170175
170176,Ecuador,PICHINCHA,QUITO,PÍNTAG,170176
170177,Ecuador,PICHINCHA,QUITO,POMASQUI,170177
170178,Ecuador,PICHINCHA,QUITO,PUÉLLARO,170178
170179,Ecuador,PICHINCHA,QUITO,PUEMBO,170179
170180,Ecuador,PICHINCHA,QUITO,SAN ANTONIO,170180
170181,Ecuador,PICHINCHA,QUITO,SAN JOSÉ DE MINAS,170181
170182,Ecuador,PICHINCHA,QUITO,SAN MIGUEL DE LOS BANCOS,170182
170183,Ecuador,PICHINCHA,QUITO,TABABELA,170183
170184,Ecuador,PICHINCHA,QUITO,TUMBACO,170184
170185,Ecuador,PICHINCHA,QUITO,YARUQUÍ,170185
170186,Ecuador,PICHINCHA,QUITO,ZÁMBIZA,170186
170187,Ecuador,PICHINCHA,QUITO,PUERTO QUITO,170187
170201,Ecuador,PICHINCHA,CAYAMBE,AYORA,170201
170202,Ecuador,PICHINCHA,CAYAMBE,CAYAMBE,170202
170203,Ecuador,PICHINCHA,CAYAMBE,JUAN MONTALVO,170203
170250,Ecuador,PICHINCHA,CAYAMBE,CAYAMBE,170250
170251,Ecuador,PICHINCHA,CAYAMBE,ASCÁZUBI,170251
170252,Ecuador,PICHINCHA,CAYAMBE,CANGAHUA,170252
170253,Ecuador,PICHINCHA,CAYAMBE,OLMEDO (PESILLO),170253
170254,Ecuador,PICHINCHA,CAYAMBE,OTÓN,170254
170255,Ecuador,PICHINCHA,CAYAMBE,SANTA ROSA DE CUZUBAMBA,170255
170256,Ecuador,PICHINCHA,CAYAMBE,SAN JOSE DE AYORA,170256
170350,Ecuador,PICHINCHA,MEJIA,MACHACHI,170350
170351,Ecuador,PICHINCHA,MEJIA,ALÓAG,170351
170352,Ecuador,PICHINCHA,MEJIA,ALOASÍ,170352
170353,Ecuador,PICHINCHA,MEJIA,CUTUGLAHUA,170353
170354,Ecuador,PICHINCHA,MEJIA,EL CHAUPI,170354
170355,Ecuador,PICHINCHA,MEJIA,MANUEL CORNEJO ASTORGA (TANDAPI),170355
170356,Ecuador,PICHINCHA,MEJIA,TAMBILLO,170356
170357,Ecuador,PICHINCHA,MEJIA,UYUMBICHO,170357
170450,Ecuador,PICHINCHA,PEDRO MONCAYO,TABACUNDO,170450
170451,Ecuador,PICHINCHA,PEDRO MONCAYO,LA ESPERANZA,170451
170452,Ecuador,PICHINCHA,PEDRO MONCAYO,MALCHINGUÍ,170452
170453,Ecuador,PICHINCHA,PEDRO MONCAYO,TOCACHI,170453
170454,Ecuador,PICHINCHA,PEDRO MONCAYO,TUPIGACHI,170454
170501,Ecuador,PICHINCHA,RUMIÑAHUI,SANGOLQUÍ,170501
170502,Ecuador,PICHINCHA,RUMIÑAHUI,SAN PEDRO DE TABOADA,170502
170503,Ecuador,PICHINCHA,RUMIÑAHUI,SAN RAFAEL,170503
170550,Ecuador,PICHINCHA,RUMIÑAHUI,SANGOLQUI,170550
170551,Ecuador,PICHINCHA,RUMIÑAHUI,COTOGCHOA,170551
170552,Ecuador,PICHINCHA,RUMIÑAHUI,RUMIPAMBA,170552
170750,Ecuador,PICHINCHA,SAN MIGUEL DE LOS BANCOS,SAN MIGUEL DE LOS BANCOS,170750
170751,Ecuador,PICHINCHA,SAN MIGUEL DE LOS BANCOS,MINDO,170751
170752,Ecuador,PICHINCHA,SAN MIGUEL DE LOS BANCOS,PEDRO VICENTE MALDONADO,170752
170753,Ecuador,PICHINCHA,SAN MIGUEL DE LOS BANCOS,PUERTO QUITO,170753
170850,Ecuador,PICHINCHA,PEDRO VICENTE MALDONADO,PEDRO VICENTE MALDONADO,170850
170950,Ecuador,PICHINCHA,PUERTO QUITO,PUERTO QUITO,170950
180101,Ecuador,TUNGURAHUA,AMBATO,ATOCHA – FICOA,180101
180102,Ecuador,TUNGURAHUA,AMBATO,CELIANO MONGE,180102
180103,Ecuador,TUNGURAHUA,AMBATO,HUACHI CHICO,180103
180104,Ecuador,TUNGURAHUA,AMBATO,HUACHI LORETO,180104
180105,Ecuador,TUNGURAHUA,AMBATO,LA MERCED,180105
180106,Ecuador,TUNGURAHUA,AMBATO,LA PENÍNSULA,180106
180107,Ecuador,TUNGURAHUA,AMBATO,MATRIZ,180107
180108,Ecuador,TUNGURAHUA,AMBATO,PISHILATA,180108
180109,Ecuador,TUNGURAHUA,AMBATO,SAN FRANCISCO,180109
180150,Ecuador,TUNGURAHUA,AMBATO,AMBATO,180150
180151,Ecuador,TUNGURAHUA,AMBATO,AMBATILLO,180151
180152,Ecuador,TUNGURAHUA,AMBATO,ATAHUALPA (CHISALATA),180152
180153,Ecuador,TUNGURAHUA,AMBATO,AUGUSTO N. MARTÍNEZ (MUNDUGLEO),180153
180154,Ecuador,TUNGURAHUA,AMBATO,CONSTANTINO FERNÁNDEZ (CAB. EN CULLITAHUA),180154
180155,Ecuador,TUNGURAHUA,AMBATO,HUACHI GRANDE,180155
180156,Ecuador,TUNGURAHUA,AMBATO,IZAMBA,180156
180157,Ecuador,TUNGURAHUA,AMBATO,JUAN BENIGNO VELA,180157
180158,Ecuador,TUNGURAHUA,AMBATO,MONTALVO,180158
180159,Ecuador,TUNGURAHUA,AMBATO,PASA,180159
180160,Ecuador,TUNGURAHUA,AMBATO,PICAIGUA,180160
180161,Ecuador,TUNGURAHUA,AMBATO,PILAGÜÍN (PILAHÜÍN),180161
180162,Ecuador,TUNGURAHUA,AMBATO,QUISAPINCHA (QUIZAPINCHA),180162
180163,Ecuador,TUNGURAHUA,AMBATO,SAN BARTOLOMÉ DE PINLLOG,180163
180164,Ecuador,TUNGURAHUA,AMBATO,SAN FERNANDO (PASA SAN FERNANDO),180164
180165,Ecuador,TUNGURAHUA,AMBATO,SANTA ROSA,180165
180166,Ecuador,TUNGURAHUA,AMBATO,TOTORAS,180166
180167,Ecuador,TUNGURAHUA,AMBATO,CUNCHIBAMBA,180167
180168,Ecuador,TUNGURAHUA,AMBATO,UNAMUNCHO,180168
180250,Ecuador,TUNGURAHUA,BAÑOS DE AGUA SANTA,BAÑOS DE AGUA SANTA,180250
180251,Ecuador,TUNGURAHUA,BAÑOS DE AGUA SANTA,LLIGUA,180251
180252,Ecuador,TUNGURAHUA,BAÑOS DE AGUA SANTA,RÍO NEGRO,180252
180253,Ecuador,TUNGURAHUA,BAÑOS DE AGUA SANTA,RÍO VERDE,180253
180254,Ecuador,TUNGURAHUA,BAÑOS DE AGUA SANTA,ULBA,180254
180350,Ecuador,TUNGURAHUA,CEVALLOS,CEVALLOS,180350
180450,Ecuador,TUNGURAHUA,MOCHA,MOCHA,180450
180451,Ecuador,TUNGURAHUA,MOCHA,PINGUILÍ,180451
180550,Ecuador,TUNGURAHUA,PATATE,PATATE,180550
180551,Ecuador,TUNGURAHUA,PATATE,EL TRIUNFO,180551
180552,Ecuador,TUNGURAHUA,PATATE,LOS ANDES (CAB. EN POATUG),180552
180553,Ecuador,TUNGURAHUA,PATATE,SUCRE (CAB. EN SUCRE-PATATE URCU),180553
180650,Ecuador,TUNGURAHUA,QUERO,QUERO,180650
180651,Ecuador,TUNGURAHUA,QUERO,RUMIPAMBA,180651
180652,Ecuador,TUNGURAHUA,QUERO,YANAYACU - MOCHAPATA (CAB. EN YANAYACU),180652
180701,Ecuador,TUNGURAHUA,SAN PEDRO DE PELILEO,PELILEO,180701
180702,Ecuador,TUNGURAHUA,SAN PEDRO DE PELILEO,PELILEO GRANDE,180702
180750,Ecuador,TUNGURAHUA,SAN PEDRO DE PELILEO,PELILEO,180750
180751,Ecuador,TUNGURAHUA,SAN PEDRO DE PELILEO,BENÍTEZ (PACHANLICA),180751
180752,Ecuador,TUNGURAHUA,SAN PEDRO DE PELILEO,BOLÍVAR,180752
180753,Ecuador,TUNGURAHUA,SAN PEDRO DE PELILEO,COTALÓ,180753
180754,Ecuador,TUNGURAHUA,SAN PEDRO DE PELILEO,CHIQUICHA (CAB. EN CHIQUICHA GRANDE),180754
180755,Ecuador,TUNGURAHUA,SAN PEDRO DE PELILEO,EL ROSARIO (RUMICHACA),180755
180756,Ecuador,TUNGURAHUA,SAN PEDRO DE PELILEO,GARCÍA MORENO (CHUMAQUI),180756
180757,Ecuador,TUNGURAHUA,SAN PEDRO DE PELILEO,GUAMBALÓ (HUAMBALÓ),180757
180758,Ecuador,TUNGURAHUA,SAN PEDRO DE PELILEO,SALASACA,180758
180801,Ecuador,TUNGURAHUA,SANTIAGO DE PÍLLARO,CIUDAD NUEVA,180801
180802,Ecuador,TUNGURAHUA,SANTIAGO DE PÍLLARO,PÍLLARO,180802
180850,Ecuador,TUNGURAHUA,SANTIAGO DE PÍLLARO,PÍLLARO,180850
180851,Ecuador,TUNGURAHUA,SANTIAGO DE PÍLLARO,BAQUERIZO MORENO,180851
180852,Ecuador,TUNGURAHUA,SANTIAGO DE PÍLLARO,EMILIO MARÍA TERÁN (RUMIPAMBA),180852
180853,Ecuador,TUNGURAHUA,SANTIAGO DE PÍLLARO,MARCOS ESPINEL (CHACATA),180853
180854,Ecuador,TUNGURAHUA,SANTIAGO DE PÍLLARO,PRESIDENTE URBINA (CHAGRAPAMBA -PATZUCUL),180854
180855,Ecuador,TUNGURAHUA,SANTIAGO DE PÍLLARO,SAN ANDRÉS,180855
180856,Ecuador,TUNGURAHUA,SANTIAGO DE PÍLLARO,SAN JOSÉ DE POALÓ,180856
180857,Ecuador,TUNGURAHUA,SANTIAGO DE PÍLLARO,SAN MIGUELITO,180857
180950,Ecuador,TUNGURAHUA,TISALEO,TISALEO,180950
180951,Ecuador,TUNGURAHUA,TISALEO,QUINCHICOTO,180951
190101,Ecuador,ZAMORA CHINCHIPE,ZAMORA,EL LIMÓN,190101
190102,Ecuador,ZAMORA CHINCHIPE,ZAMORA,ZAMORA,190102
190150,Ecuador,ZAMORA CHINCHIPE,ZAMORA,ZAMORA,190150
190151,Ecuador,ZAMORA CHINCHIPE,ZAMORA,CUMBARATZA,190151
190152,Ecuador,ZAMORA CHINCHIPE,ZAMORA,GUADALUPE,190152
190153,Ecuador,ZAMORA CHINCHIPE,ZAMORA,IMBANA (LA VICTORIA DE IMBANA),190153
190154,Ecuador,ZAMORA CHINCHIPE,ZAMORA,PAQUISHA,190154
190155,Ecuador,ZAMORA CHINCHIPE,ZAMORA,SABANILLA,190155
190156,Ecuador,ZAMORA CHINCHIPE,ZAMORA,TIMBARA,190156
190157,Ecuador,ZAMORA CHINCHIPE,ZAMORA,ZUMBI,190157
190158,Ecuador,ZAMORA CHINCHIPE,ZAMORA,SAN CARLOS DE LAS MINAS,190158
190250,Ecuador,ZAMORA CHINCHIPE,CHINCHIPE,ZUMBA,190250
190251,Ecuador,ZAMORA CHINCHIPE,CHINCHIPE,CHITO,190251
190252,Ecuador,ZAMORA CHINCHIPE,CHINCHIPE,EL CHORRO,190252
190253,Ecuador,ZAMORA CHINCHIPE,CHINCHIPE,EL PORVENIR DEL CARMEN,190253
190254,Ecuador,ZAMORA CHINCHIPE,CHINCHIPE,LA CHONTA,190254
190255,Ecuador,ZAMORA CHINCHIPE,CHINCHIPE,PALANDA,190255
190256,Ecuador,ZAMORA CHINCHIPE,CHINCHIPE,PUCAPAMBA,190256
190257,Ecuador,ZAMORA CHINCHIPE,CHINCHIPE,SAN FRANCISCO DEL VERGEL,190257
190258,Ecuador,ZAMORA CHINCHIPE,CHINCHIPE,VALLADOLID,190258
190259,Ecuador,ZAMORA CHINCHIPE,CHINCHIPE,SAN ANDRÉS,190259
190350,Ecuador,ZAMORA CHINCHIPE,NANGARITZA,GUAYZIMI,190350
190351,Ecuador,ZAMORA CHINCHIPE,NANGARITZA,ZURMI,190351
190352,Ecuador,ZAMORA CHINCHIPE,NANGARITZA,NUEVO PARAÍSO,190352
190450,Ecuador,ZAMORA CHINCHIPE,YACUAMBI,28 DE MAYO (SAN JOSÉ DE YACUAMBI),190450
190451,Ecuador,ZAMORA CHINCHIPE,YACUAMBI,LA PAZ,190451
190452,Ecuador,ZAMORA CHINCHIPE,YACUAMBI,TUTUPALI,190452
190550,Ecuador,ZAMORA CHINCHIPE,YANTZAZA (YANZATZA),YANTZAZA (YANZATZA),190550
190551,Ecuador,ZAMORA CHINCHIPE,YANTZAZA (YANZATZA),CHICAÑA,190551
190552,Ecuador,ZAMORA CHINCHIPE,YANTZAZA (YANZATZA),EL PANGUI,190552
190553,Ecuador,ZAMORA CHINCHIPE,YANTZAZA (YANZATZA),LOS ENCUENTROS,190553
190650,Ecuador,ZAMORA CHINCHIPE,EL PANGUI,EL PANGUI,190650
190651,Ecuador,ZAMORA CHINCHIPE,EL PANGUI,EL GUISME,190651
190652,Ecuador,ZAMORA CHINCHIPE,EL PANGUI,PACHICUTZA,190652
190653,Ecuador,ZAMORA CHINCHIPE,EL PANGUI,TUNDAYME,190653
190750,Ecuador,ZAMORA CHINCHIPE,CENTINELA DEL CÓNDOR,ZUMBI,190750
190751,Ecuador,ZAMORA CHINCHIPE,CENTINELA DEL CÓNDOR,PAQUISHA,190751
190752,Ecuador,ZAMORA CHINCHIPE,CENTINELA DEL CÓNDOR,TRIUNFO-DORADO,190752
190753,Ecuador,ZAMORA CHINCHIPE,CENTINELA DEL CÓNDOR,PANGUINTZA,190753
190850,Ecuador,ZAMORA CHINCHIPE,PALANDA,PALANDA,190850
190851,Ecuador,ZAMORA CHINCHIPE,PALANDA,EL PORVENIR DEL CARMEN,190851
190852,Ecuador,ZAMORA CHINCHIPE,PALANDA,SAN FRANCISCO DEL VERGEL,190852
190853,Ecuador,ZAMORA CHINCHIPE,PALANDA,VALLADOLID,190853
190854,Ecuador,ZAMORA CHINCHIPE,PALANDA,LA CANELA,190854
190950,Ecuador,ZAMORA CHINCHIPE,PAQUISHA,PAQUISHA,190950
190951,Ecuador,ZAMORA CHINCHIPE,PAQUISHA,BELLAVISTA,190951
190952,Ecuador,ZAMORA CHINCHIPE,PAQUISHA,NUEVO QUITO,190952
200150,Ecuador,GALÁPAGOS,SAN CRISTÓBAL,PUERTO BAQUERIZO MORENO,200150
200151,Ecuador,GALÁPAGOS,SAN CRISTÓBAL,EL PROGRESO,200151
200152,Ecuador,GALÁPAGOS,SAN CRISTÓBAL,ISLA SANTA MARÍA (FLOREANA) (CAB. EN PTO. VELASCO IBARRA),200152
200250,Ecuador,GALÁPAGOS,ISABELA,PUERTO VILLAMIL,200250
200251,Ecuador,GALÁPAGOS,ISABELA,TOMÁS DE BERLANGA (SANTO TOMÁS),200251
200350,Ecuador,GALÁPAGOS,SANTA CRUZ,PUERTO AYORA,200350
200351,Ecuador,GALÁPAGOS,SANTA CRUZ,BELLAVISTA,200351
200352,Ecuador,GALÁPAGOS,SANTA CRUZ,SANTA ROSA (INCLUYE LA ISLA BALTRA),200352
210150,Ecuador,SUCUMBÍOS,LAGO AGRIO,NUEVA LOJA,210150
210151,Ecuador,SUCUMBÍOS,LAGO AGRIO,CUYABENO,210151
210152,Ecuador,SUCUMBÍOS,LAGO AGRIO,DURENO,210152
210153,Ecuador,SUCUMBÍOS,LAGO AGRIO,GENERAL FARFÁN,210153
210154,Ecuador,SUCUMBÍOS,LAGO AGRIO,TARAPOA,210154
210155,Ecuador,SUCUMBÍOS,LAGO AGRIO,EL ENO,210155
210156,Ecuador,SUCUMBÍOS,LAGO AGRIO,PACAYACU,210156
210157,Ecuador,SUCUMBÍOS,LAGO AGRIO,JAMBELÍ,210157
210158,Ecuador,SUCUMBÍOS,LAGO AGRIO,SANTA CECILIA,210158
210159,Ecuador,SUCUMBÍOS,LAGO AGRIO,AGUAS NEGRAS,210159
210160,Ecuador,SUCUMBÍOS,LAGO AGRIO,10 DE AGOSTO,210160
210250,Ecuador,SUCUMBÍOS,GONZALO PIZARRO,LUMBAQUÍ,210250
210251,Ecuador,SUCUMBÍOS,GONZALO PIZARRO,EL REVENTADOR,210251
210252,Ecuador,SUCUMBÍOS,GONZALO PIZARRO,GONZALO PIZARRO,210252
210253,Ecuador,SUCUMBÍOS,GONZALO PIZARRO,LUMBAQUÍ,210253
210254,Ecuador,SUCUMBÍOS,GONZALO PIZARRO,PUERTO LIBRE,210254
210255,Ecuador,SUCUMBÍOS,GONZALO PIZARRO,SANTA ROSA DE SUCUMBÍOS,210255
210350,Ecuador,SUCUMBÍOS,PUTUMAYO,PUERTO EL CARMEN DEL PUTUMAYO,210350
210351,Ecuador,SUCUMBÍOS,PUTUMAYO,PALMA ROJA,210351
210352,Ecuador,SUCUMBÍOS,PUTUMAYO,PUERTO BOLÍVAR (PUERTO MONTÚFAR),210352
210353,Ecuador,SUCUMBÍOS,PUTUMAYO,PUERTO RODRÍGUEZ,210353
210354,Ecuador,SUCUMBÍOS,PUTUMAYO,SANTA ELENA,210354
210450,Ecuador,SUCUMBÍOS,SHUSHUFINDI,SHUSHUFINDI,210450
210451,Ecuador,SUCUMBÍOS,SHUSHUFINDI,LIMONCOCHA,210451
210452,Ecuador,SUCUMBÍOS,SHUSHUFINDI,PAÑACOCHA,210452
210453,Ecuador,SUCUMBÍOS,SHUSHUFINDI,SAN ROQUE (CAB. EN SAN VICENTE),210453
210454,Ecuador,SUCUMBÍOS,SHUSHUFINDI,SAN PEDRO DE LOS COFANES,210454
210455,Ecuador,SUCUMBÍOS,SHUSHUFINDI,SIETE DE JULIO,210455
210550,Ecuador,SUCUMBÍOS,SUCUMBÍOS,LA BONITA,210550
210551,Ecuador,SUCUMBÍOS,SUCUMBÍOS,EL PLAYÓN DE SAN FRANCISCO,210551
210552,Ecuador,SUCUMBÍOS,SUCUMBÍOS,LA SOFÍA,210552
210553,Ecuador,SUCUMBÍOS,SUCUMBÍOS,ROSA FLORIDA,210553
210554,Ecuador,SUCUMBÍOS,SUCUMBÍOS,SANTA BÁRBARA,210554
210650,Ecuador,SUCUMBÍOS,CASCALES,EL DORADO DE CASCALES,210650
210651,Ecuador,SUCUMBÍOS,CASCALES,SANTA ROSA DE SUCUMBÍOS,210651
210652,Ecuador,SUCUMBÍOS,CASCALES,SEVILLA,210652
210750,Ecuador,SUCUMBÍOS,CUYABENO,TARAPOA,210750
210751,Ecuador,SUCUMBÍOS,CUYABENO,CUYABENO,210751
210752,Ecuador,SUCUMBÍOS,CUYABENO,AGUAS NEGRAS,210752
220150,Ecuador,ORELLANA,ORELLANA,PUERTO FRANCISCO DE ORELLANA (EL COCA),220150
220151,Ecuador,ORELLANA,ORELLANA,DAYUMA,220151
220152,Ecuador,ORELLANA,ORELLANA,TARACOA (NUEVA ESPERANZA: YUCA),220152
220153,Ecuador,ORELLANA,ORELLANA,ALEJANDRO LABAKA,220153
220154,Ecuador,ORELLANA,ORELLANA,EL DORADO,220154
220155,Ecuador,ORELLANA,ORELLANA,EL EDÉN,220155
220156,Ecuador,ORELLANA,ORELLANA,GARCÍA MORENO,220156
220157,Ecuador,ORELLANA,ORELLANA,INÉS ARANGO (CAB. EN WESTERN),220157
220158,Ecuador,ORELLANA,ORELLANA,LA BELLEZA,220158
220159,Ecuador,ORELLANA,ORELLANA,NUEVO PARAÍSO (CAB. EN UNIÓN),220159
220160,Ecuador,ORELLANA,ORELLANA,SAN JOSÉ DE GUAYUSA,220160
220161,Ecuador,ORELLANA,ORELLANA,SAN LUIS DE ARMENIA,220161
220201,Ecuador,ORELLANA,AGUARICO,TIPITINI,220201
220250,Ecuador,ORELLANA,AGUARICO,NUEVO ROCAFUERTE,220250
220251,Ecuador,ORELLANA,AGUARICO,CAPITÁN AUGUSTO RIVADENEYRA,220251
220252,Ecuador,ORELLANA,AGUARICO,CONONACO,220252
220253,Ecuador,ORELLANA,AGUARICO,SANTA MARÍA DE HUIRIRIMA,220253
220254,Ecuador,ORELLANA,AGUARICO,TIPUTINI,220254
220255,Ecuador,ORELLANA,AGUARICO,YASUNÍ,220255
220350,Ecuador,ORELLANA,LA JOYA DE LOS SACHAS,LA JOYA DE LOS SACHAS,220350
220351,Ecuador,ORELLANA,LA JOYA DE LOS SACHAS,ENOKANQUI,220351
220352,Ecuador,ORELLANA,LA JOYA DE LOS SACHAS,POMPEYA,220352
220353,Ecuador,ORELLANA,LA JOYA DE LOS SACHAS,SAN CARLOS,220353
220354,Ecuador,ORELLANA,LA JOYA DE LOS SACHAS,SAN SEBASTIÁN DEL COCA,220354
220355,Ecuador,ORELLANA,LA JOYA DE LOS SACHAS,LAGO SAN PEDRO,220355
220356,Ecuador,ORELLANA,LA JOYA DE LOS SACHAS,RUMIPAMBA,220356
220357,Ecuador,ORELLANA,LA JOYA DE LOS SACHAS,TRES DE NOVIEMBRE,220357
220358,Ecuador,ORELLANA,LA JOYA DE LOS SACHAS,UNIÓN MILAGREÑA,220358
220450,Ecuador,ORELLANA,LORETO,LORETO,220450
220451,Ecuador,ORELLANA,LORETO,AVILA (CAB. EN HUIRUNO),220451
220452,Ecuador,ORELLANA,LORETO,PUERTO MURIALDO,220452
220453,Ecuador,ORELLANA,LORETO,SAN JOSÉ DE PAYAMINO,220453
220454,Ecuador,ORELLANA,LORETO,SAN JOSÉ DE DAHUANO,220454
220455,Ecuador,ORELLANA,LORETO,SAN VICENTE DE HUATICOCHA,220455
230101,Ecuador,SANTO DOMINGO DE LOS TSÁCHILAS,SANTO DOMINGO,ABRAHAM CALAZACÓN,230101
230102,Ecuador,SANTO DOMINGO DE LOS TSÁCHILAS,SANTO DOMINGO,BOMBOLÍ,230102
230103,Ecuador,SANTO DOMINGO DE LOS TSÁCHILAS,SANTO DOMINGO,CHIGUILPE,230103
230104,Ecuador,SANTO DOMINGO DE LOS TSÁCHILAS,SANTO DOMINGO,RÍO TOACHI,230104
230105,Ecuador,SANTO DOMINGO DE LOS TSÁCHILAS,SANTO DOMINGO,RÍO VERDE,230105
230106,Ecuador,SANTO DOMINGO DE LOS TSÁCHILAS,SANTO DOMINGO,SANTO DOMINGO DE LOS COLORADOS,230106
230107,Ecuador,SANTO DOMINGO DE LOS TSÁCHILAS,SANTO DOMINGO,ZARACAY,230107
230150,Ecuador,SANTO DOMINGO DE LOS TSÁCHILAS,SANTO DOMINGO,SANTO DOMINGO DE LOS COLORADOS,230150
230151,Ecuador,SANTO DOMINGO DE LOS TSÁCHILAS,SANTO DOMINGO,ALLURIQUÍN,230151
230152,Ecuador,SANTO DOMINGO DE LOS TSÁCHILAS,SANTO DOMINGO,PUERTO LIMÓN,230152
230153,Ecuador,SANTO DOMINGO DE LOS TSÁCHILAS,SANTO DOMINGO,LUZ DE AMÉRICA,230153
230154,Ecuador,SANTO DOMINGO DE LOS TSÁCHILAS,SANTO DOMINGO,SAN JACINTO DEL BÚA,230154
230155,Ecuador,SANTO DOMINGO DE LOS TSÁCHILAS,SANTO DOMINGO,VALLE HERMOSO,230155
230156,Ecuador,SANTO DOMINGO DE LOS TSÁCHILAS,SANTO DOMINGO,EL ESFUERZO,230156
230157,Ecuador,SANTO DOMINGO DE LOS TSÁCHILAS,SANTO DOMINGO,SANTA MARÍA DEL TOACHI,230157
240101,Ecuador,SANTA ELENA,SANTA ELENA,BALLENITA,240101
240102,Ecuador,SANTA ELENA,SANTA ELENA,SANTA ELENA,240102
240150,Ecuador,SANTA ELENA,SANTA ELENA,SANTA ELENA,240150
240151,Ecuador,SANTA ELENA,SANTA ELENA,ATAHUALPA,240151
240152,Ecuador,SANTA ELENA,SANTA ELENA,COLONCHE,240152
240153,Ecuador,SANTA ELENA,SANTA ELENA,CHANDUY,240153
240154,Ecuador,SANTA ELENA,SANTA ELENA,MANGLARALTO,240154
240155,Ecuador,SANTA ELENA,SANTA ELENA,SIMÓN BOLÍVAR (JULIO MORENO),240155
240156,Ecuador,SANTA ELENA,SANTA ELENA,SAN JOSÉ DE ANCÓN,240156
240250,Ecuador,SANTA ELENA,LA LIBERTAD,LA LIBERTAD,240250
240301,Ecuador,SANTA ELENA,SALINAS,CARLOS ESPINOZA LARREA,240301
240302,Ecuador,SANTA ELENA,SALINAS,GRAL. ALBERTO ENRÍQUEZ GALLO,240302
240303,Ecuador,SANTA ELENA,SALINAS,VICENTE ROCAFUERTE,240303
240304,Ecuador,SANTA ELENA,SALINAS,SANTA ROSA,240304
240350,Ecuador,SANTA ELENA,SALINAS,SALINAS,240350
240351,Ecuador,SANTA ELENA,SALINAS,ANCONCITO,240351
240352,Ecuador,SANTA ELENA,SALINAS,JOSÉ LUIS TAMAYO (MUEY),240352
900151,Ecuador,ZONAS NO DELIMITADAS,ZONAS NO DELIMITADAS,LAS GOLONDRINAS,900151
900351,Ecuador,ZONAS NO DELIMITADAS,ZONAS NO DELIMITADAS,MANGA DEL CURA,900351
900451,Ecuador,ZONAS NO DELIMITADAS,ZONAS NO DELIMITADAS,EL PIEDRERO,900451
